,ztfname,filename,redshift,phase,v_x1,v_x2,V_Sil_5972_mean,V_err_Sil_5972_mean,V_Sil_5972_median,V_err_Sil_5972_median,V_lower_err_Sil_5972_median,V_higher_err_Sil_5972_median,pEW_Sil_5972_mean,pEW_err_Sil_5972_mean,pEW_Sil_5972_median,pEW_err_Sil_5972_median,pEW_lower_err_Sil_5972_median,pEW_higher_err_Sil_5972_median,pEW_Sil_5972_median_trap,pEW_Sil_5972_median_trap_err,pEW_lower_trap_err_Sil_5972_median,pEW_higher_trap_err_Sil_5972_median,FWHMv_Sil_5972_mean,FWHMv_err_Sil_5972_mean,FWHMv_Sil_5972_median,FWHMv_err_Sil_5972_median,FWHMA_Sil_5972_mean,FWHMA_err_Sil_5972_mean,FWHMA_Sil_5972_median,FWHMA_err_Sil_5972_median,FWHMA_lower_err_Sil_5972_median,FWHMA_higher_err_Sil_5972_median,V_Sil_err_low_5972_final,V_Sil_err_high_5972_final,pEW_err_trap_low_5972_final,pEW_err_trap_high_5972_final,FWHMA_err_low_5972_final,FWHMA_err_high_5972_final
0,ZTF18aabstmw,ZTF18aabstmw_20180307_LCO-FLOYDS_0_dereddened.csv,0.02308648,-6.750250680001045,-14153.225806451606,-4133.064516129023,-1.0555881948603987,0.004461073262690843,-1.0552770252672978,0.004461073262690843,0.0021270493885036275,0.00114556103923222,28.468075642844248,0.5878440702336113,28.621343532355777,0.5878440702336113,0.4795661516695168,0.45184562253215566,27.71640455131577,0.6775567314166587,0.8075071102340575,0.23084754100590454,0.4994734627044531,0.012249047265154463,0.5000899208549581,0.012249047265154463,95.94354069633621,1.2117154894557502,96.06558799930235,1.2117154894557502,1.1189484241152359,0.6846732859220923,0.024942217493820844,0.024605809890746896,1.0541114065252233,0.7158028439986104,1.6493331995739848,1.3917729469429787
1,ZTF18aabstmw,ZTF18aabstmw_20180307_SEDm_0_dereddened.csv,0.02308648,-6.750250680001045,-15705.645161290318,-6673.38709677419,-1.1878625993531584,0.029592552084080657,-1.1883029259923763,0.029592552084080657,0.004349314963282596,0.0028810292436930902,23.83646052732066,3.6682656459497727,23.832023569453433,3.6682656459497727,1.0067175424249128,1.2377960192392765,21.985690774052127,4.496400072472897,1.86801647638545,1.2192343098414422,0.46935784163564154,0.08082785774807795,0.46749731767299685,0.08082785774807795,89.79032183393323,8.007662053922493,89.45397258098637,8.007662053922493,3.229034781648958,2.956588000532076,0.04991046103788539,0.04973246488860352,4.86899365041502,4.658770858716794,8.634194646342468,8.536044996057628
2,ZTF18aasprui,ZTF18aasprui_20180804_P200_0_dereddened.csv,0.0380507,-13.543841719998454,-14435.483870967735,-6955.645161290318,-1.2834035288947279,10.364018836867128,-1.172221358088661,10.364018836867128,0.8349774407551254,0.28741585994725743,113.31530991245637,221.46562507853977,1.4476074704777262,221.46562507853977,0.4421123149024958,1708.714081157464,1.2228904167692165,30.43042847507906,0.3727147150711522,2.5417961650418412,0.4240696468660269,10.650824577130082,0.018919622523513757,10.650824577130082,78.6348151221923,2731.868902323569,3.647838772081741,2731.868902323569,1.077905418865468,179.95043089569367,10.4175994237856,10.388003391564158,30.432710911710334,30.536399671891967,2731.869114976534,2737.7892280199594
4,ZTF18aauizcr,ZTF18aauizcr_20180519_SEDm_0_dereddened.csv,0.03391415,-9.11375088999921,-19374.999999999996,-8931.45161290322,-1.4677183083247871,0.01822261967941896,-1.4684401705217938,0.01822261967941896,0.00042421213310460864,0.001438842187173477,13.765181234421107,1.42899481518292,13.745139121456482,1.42899481518292,0.365767853968683,0.234052485194626,13.643734117706927,1.587791429524276,0.3907456663991693,0.24637719131877303,0.42683261380495996,0.047481536817052764,0.42512029949584207,0.047481536817052764,80.96159199779025,4.887928695974335,80.63663446862574,4.887928695974335,0.8792462481345161,1.1563690540950868,0.03822755671818416,0.03827933627953535,1.6351647621816203,1.6067928752869398,4.9663790533735925,5.022851413908053
5,ZTF18aaxdrjn,ZTF18aaxdrjn_20180531_SEDm_0_dereddened.csv,0.03388557,-10.18727019999642,-14294.354838709674,-6814.51612903225,-1.2109680542440464,0.015608728939379672,-1.2113697663026395,0.015608728939379672,0.0012709073040365394,0.002789332099959063,13.860357626106165,14.61788831478132,13.65463859719601,14.61788831478132,1.3902829783259207,0.9374484476342889,13.57173127272831,10.884973271286643,2.6211712458013126,1.0551699467045013,0.17437109906085588,0.03479774932155993,0.1721077000275535,0.03479774932155993,33.33312954034775,4.220864717164932,32.9004550857635,4.220864717164932,7.768844958423573,3.2159173906100027,0.03566038391861713,0.035856001786922526,11.19612351738048,10.935996833076215,8.841416795323653,5.306394597448973
6,ZTF18aaxdrjn,ZTF18aaxdrjn_20180603_LT_0_dereddened.csv,0.03388557,-7.187270199996419,-14858.870967741932,-3991.9354838709614,-1.1250551262047597,0.028631593541126415,-1.1230485549355702,0.028631593541126415,0.005335224927761363,0.0022861690031109865,23.638640628561205,2.498076525312849,23.88357523943076,2.498076525312849,0.893825332863024,0.9230120070231688,22.25672487691646,2.32305063466573,1.5058936288953904,0.7150417514593376,0.6277763528016169,0.07841265312415927,0.6316180316157287,0.07841265312415927,120.33298599833952,7.75959324202563,121.09577988838373,7.75959324202563,3.6817129794361367,2.4449989958095637,0.04912443602430917,0.04872272127454252,2.7684435830929583,2.430606705650029,8.588730857620254,8.135681125216228
7,ZTF18aazgfkq,ZTF18aazgfkq_20180613_Xinglong-2.2m_0_dereddened.csv,0.02404901,-6.532848299997568,-12177.419354838705,-6108.870967741932,-1.09244998205478,0.01786222887080291,-1.0797054582438292,0.01786222887080291,0.31591305382431517,0.07020956767836643,150.70537651423314,3.2951295443485717,8.91784435584622,3.2951295443485717,1.4045211523040453,3186.5016596840164,8.500352276709048,4.836369409276823,1.7132533407968573,2.015791250666072,0.18940778452400173,0.06177237084130116,0.14427689150148248,0.06177237084130116,36.15715369413351,4.848920408693524,27.693603326486482,4.848920408693524,3.6925545332342384,49.09899559092134,0.3364176303508349,0.09244613594813779,5.130858219902421,5.239645353385144,6.0948329026113015,49.33784953934614
8,ZTF18aazixbw,ZTF18aazixbw_20180611_Gemini-N_0_dereddened.csv,0.05910831,-11.934177700000872,-20221.77419354838,-6108.870967741932,-1.3057121480451475,0.014653033790497748,-1.3040113822273056,0.014653033790497748,0.00693085463196384,0.003948729434042674,37.75890365207593,2.4815633905346033,37.20174515989946,2.4815633905346033,1.8734258390841325,2.607020675556413,37.12788741285053,2.9773924372031817,1.8435115337391774,2.4953924477318004,0.5314912963557183,0.03874773768742503,0.5273364125916937,0.03874773768742503,101.31081318258698,3.948760356036592,100.51553057379397,3.948760356036592,3.5722173431834054,4.085303618984123,0.03620950786405569,0.0351757656613676,3.5019138339119764,3.884822929466877,5.324795310276869,5.681761523391404
9,ZTF18aazixbw,ZTF18aazixbw_20180611_NOT_0_dereddened.csv,0.05910831,-11.934177700000872,-14576.612903225803,-5685.483870967735,-1.2781866247895195,0.033979609983694196,-1.2718738216575898,0.033979609983694196,0.039838825997738136,0.055729009094525356,27.87755637993073,5.694262053101496,28.011598298313654,5.694262053101496,2.4371860894968638,2.8200403077280263,24.728952965296834,7.230238525586962,3.390128736944759,2.596901672713966,0.46347832904888164,0.10216493204901593,0.46144585509942426,0.10216493204901593,88.41376639398679,9.171305044883137,88.00442088752334,9.171305044883137,6.909408468806852,7.3882753286613045,0.07236168400196871,0.0852712520892748,7.985569609610864,7.6824636305436895,11.48271577698929,11.777073004715739
10,ZTF18abnzocn,ZTF18abnzocn_20180821_P200_0_dereddened.csv,0.03065788,-9.76375564999762,-13729.838709677417,-6673.38709677419,-1.116235607550485,0.012910125376001318,-1.1071970889045957,0.012910125376001318,0.02510161876327782,0.011175750096033938,11.350338556429556,1.0247490495599305,11.825252928078921,1.0247490495599305,1.8865475745153173,1.2075332003673371,11.21319951230215,1.4908856297004611,1.8742082173674497,0.8266321501190591,0.3937069887400518,0.040915958472614956,0.41588125909217444,0.040915958472614956,75.49645962961817,3.49426146165911,79.81930894894731,3.49426146165911,14.162024485991997,5.6912030866827985,0.04822698357531343,0.03707538366869324,2.394868765276088,1.7047171825431335,14.586733722950898,6.678297368064998
11,ZTF18absnqyo,ZTF18absnqyo_20180908_SEDm_0_dereddened.csv,0.03861004,-5.100248729999294,-18104.838709677417,-10483.870967741932,-1.3623587174967098,0.04573425128949381,-1.3609377314397917,0.04573425128949381,0.003946254525599469,0.00043249799676739107,1.052482039265093,1.021208464411636,1.0838158527229802,1.021208464411636,0.045234772352212384,0.05039050574130046,0.9645317176900432,1.1814267124773845,0.09127802104761018,0.062383871199678025,0.17251625109717061,0.15787804126576166,0.1747112759916727,0.15787804126576166,32.82670138395194,12.306916381418128,33.24423240312353,12.306916381418128,1.6618161735783614,1.9220509511164734,0.06590419006791624,0.06573629625940183,1.1849475744021287,1.1830726200622592,12.418607966031638,12.456101744843995
12,ZTF18abupgql,ZTF18abupgql_20180913_P200_0_dereddened.csv,0.0462104,-10.15270235999924,-16975.806451612894,-4415.322580645152,-1.1167763368530137,0.007477546762765963,-1.1161945207767348,0.007477546762765963,0.0033987496509769186,0.0018530572780144678,30.680799577306047,1.0153749133856391,30.77359919138786,1.0153749133856391,0.7761099405156989,0.6645759539889965,30.605284073677527,1.2928483505224015,0.7978695137363881,0.634863009827606,0.5455315159106343,0.019170821456109266,0.5465502602376815,0.019170821456109266,104.5930520279265,2.0268933196048606,104.79698036641275,2.0268933196048606,1.8057180271581506,1.4416847944692144,0.028213720519920767,0.02770373460504411,1.5192276387686063,1.4403152081040669,2.7145743907034,2.487318149264897
13,ZTF18abvejbm,ZTF18abvejbm_20180912_P200_0_dereddened.csv,0.04416009,-12.705234879998898,-11189.51612903225,-7379.032258064508,-0.8588876730480943,0.002610920848541468,-0.9584375957096576,0.002610920848541468,0.3494826587910278,0.36111363476446395,2.6209314986348065,0.7789522975957083,2.4783804141840813,0.7789522975957083,0.8944390334536507,1.5177697139998463,2.3746012307277513,0.9459861610279207,0.8614373837910759,0.9831036394878595,1.4272658420356468,0.006321360835872442,0.018713276799482648,0.006321360835872442,54.88059676708631,0.7113856372333608,3.590230689405871,0.7113856372333608,1.2375070714259127,806.7757345043791,0.369492411510355,0.38112307337039547,1.279439011070538,1.3643249549981187,1.4274078872876714,806.7760481413695
14,ZTF18abvejbm,ZTF18abvejbm_20180914_SEDm_0_dereddened.csv,0.04416009,-10.705234879998898,-18245.96774193548,-7802.419354838705,-1.1373191617971359,0.037515882177736964,-1.1407010774653612,0.037515882177736964,0.006383293924302231,0.0158564610967322,12.82119056176997,3.2278335573032946,12.10282851749077,3.2278335573032946,0.0,3.0421058671085435,9.927217457254123,3.5061516262036863,0.2307697037190179,2.7537795918130876,0.37901874024529797,0.0998713749801939,0.33989065293977205,0.0998713749801939,72.62505016564855,10.164242049586337,65.11379282469716,10.164242049586337,2.8479410223873582,14.42157288697456,0.05805506348566346,0.06072921278500265,3.5137378789666873,4.458295780476774,10.555689674747729,17.643513850049793
15,ZTF18abvejbm,ZTF18abvejbm_20180915_NTT_0_dereddened.csv,0.04416009,-9.705234879998898,-16834.677419354834,-5262.096774193546,-1.1644047239277724,0.040444301034971146,-1.1665771706650565,0.040444301034971146,0.011979752452511323,0.011453699260712056,22.084039743101016,3.069803983550475,21.909828874909284,3.069803983550475,1.1987422877147342,1.9754226318129744,20.83506166122973,3.4979964357945454,1.348077291767809,1.3212420869668446,0.6698104938052374,0.10583670296389167,0.6686283324955691,0.10583670296389167,128.2348033218134,10.95237369192514,128.11957523818455,10.95237369192514,5.852501453899533,5.3643471906965825,0.06218122751925101,0.062034851170929634,3.7487719921877583,3.7392057602121667,12.417981428375148,12.195520090176895
16,ZTF18acbvgqw,ZTF18acbvgqw_20181104_SEDm_0_dereddened.csv,0.00884722,-12.614274049999947,-21633.06451612903,-8508.064516129023,-1.5644665757128744,0.028137770620694304,-1.5594571110353526,0.028137770620694304,0.007977669704844967,0.005924568531878405,5.287759932219421,0.5096950998894455,5.30161201381148,0.5096950998894455,0.24080700019799758,0.16658499560817344,5.02287496008822,0.5358579169486873,0.2733607450103833,0.13879755506772387,0.7101506648292237,0.07645914116965019,0.7049753309918998,0.07645914116965019,134.31517435195732,7.523999322032995,133.35666419357403,7.523999322032995,3.2203845364548607,4.223230387910822,0.0492468348616121,0.048754732615549246,0.6015561520500128,0.5535417495088912,8.184219105118737,8.628223496602667
17,ZTF18acbvgqw,ZTF18acbvgqw_20181109_Lick-3m_0_dereddened.csv,0.00884722,-7.614274049999949,-15141.12903225806,-9919.354838709674,-1.3196928826943926,0.004954798556888334,-1.3189337358453206,0.004954798556888334,0.004363900121410529,0.004390245725523236,1.9732905441205815,0.18293588880368258,2.040181226998202,0.18293588880368258,0.20079203381134295,0.07128305746659376,2.03965300975546,0.2507167651729172,0.2011877257714052,0.06379255154198582,0.1568029215073216,0.015837003828436058,0.16084967235623893,0.015837003828436058,29.875611081280905,1.3350303404415982,30.64617970753534,1.3350303404415982,2.420416415969689,1.072487922107755,0.026602548978159085,0.02661999141010151,0.321458235762971,0.25870521056022167,2.7641855286132953,1.7124649932090932
18,ZTF18acehilk,ZTF18acehilk_20181108_SEDm_0_dereddened.csv,0.03503777,-9.705358109997178,-17399.19354838709,-8931.45161290322,-1.3475899123733326,0.06310598874316309,-1.3424122694857386,0.06310598874316309,0.005696124852967192,0.002496359112462189,20.3604607864902,7.259592522515948,19.67933851570271,7.259592522515948,,1.9135276460906292,18.065398024663097,6.991653073670987,0.4516435425395541,1.645367646729445,0.43102584151231743,0.18009511712982387,0.435689287513227,0.18009511712982387,82.0541041506937,16.987849072415365,82.97827664254146,16.987849072415365,1.8988120731605413,4.073560186663436,0.08336254140730798,0.08315534517418617,7.006225416876811,7.182649051393013,17.093639267176073,17.46942782982697
19,ZTF18achbllm,ZTF18achbllm_20181113_SEDm_0_dereddened.csv,0.04710716,-8.466060020000441,-14012.096774193546,-7661.290322580637,-0.7156082760310984,0.0026807108933366033,-1.1645927810323435,0.0026807108933366033,0.001488351439528034,0.5003000532600445,8.167567323974144,0.6060119416688803,13.638122048087943,0.6060119416688803,1.3587316163262262,0.28969035003051663,13.035712748003487,0.7470330785189122,2.8236276678882763,0.36607682544334036,0.10307537045778362,0.00933284318337283,0.1717720693938174,0.00933284318337283,19.731926139425454,0.7256823639031489,32.880303245268806,0.7256823639031489,10.124133052701051,0.8104771539236469,0.023066170396634653,0.5203072351094845,2.920775860497623,0.8319078449732983,10.15010763302902,1.0878823972802563
20,ZTF18achbllm,ZTF18achbllm_20181115_SEDm_0_dereddened.csv,0.04710716,-6.466060020000441,-14012.096774193546,-8931.45161290322,-1.1208706153490873,8129.075296677885,-1.1423466156192168,8129.075296677885,0.0007015551714359905,0.18047578049897145,3.3602216634454054,622034.1376140263,2.7004344594174765,622034.1376140263,1.1916123746502014,1.437301917726408,5.447244353544045,550314.4939489722,0.899924563524345,0.8188096102316283,0.06581694728573431,28003.71899780732,0.05107489310047475,28003.71899780732,12.610992774136388,2202312.5203663814,9.784314077562158,2202312.5203663814,1.8776440620450525,7.5233019135444,8129.095296677915,8129.095298681281,550314.4939497081,550314.4939495814,2202312.520367182,2202312.5203792313
21,ZTF18acsyzca,ZTF18acsyzca_20181206_LCO-FLOYDS_0_dereddened.csv,0.01424367,-9.989981350001472,-18528.225806451606,-6108.870967741932,-1.2316640231517422,0.005048523147160109,-1.2298369114990395,0.005048523147160109,0.006765034916829146,0.003421706243344972,22.492651140626016,0.452299032615012,22.83976249581095,0.452299032615012,1.082589664781838,0.7931365108936518,22.272096921368664,0.5875910731774662,1.2210425364936333,0.6943638343391674,0.6205600977823316,0.01296494724845759,0.6232435534480201,0.01296494724845759,118.55951197686016,1.364128079657342,119.0939869408212,1.364128079657342,3.4126129894265125,2.2919739927133502,0.02844116599726181,0.026098824442723153,1.35506757957109,0.9096177239456348,3.6751561644795703,2.6672064413884438
22,ZTF18acvrfvv,ZTF18acvrfvv_20181219_SEDm_0_dereddened.csv,0.04133705,-6.464255829996546,-14012.096774193546,-4979.8387096774095,-1.0580671775391317,0.029163806816365136,-1.0544924106709916,0.029163806816365136,0.004949237617273715,0.008400465029830412,9.27503057790867,1.644971940126172,8.623340078166915,1.644971940126172,3.552713678800501e-15,0.9482645015589996,8.179991902638157,2.1237986072443857,0.2947146549121507,0.8885022225362131,0.4572677492451905,0.07526721360180336,0.441554699974831,0.07526721360180336,87.82823823606964,7.9192378226485935,84.76734030436455,7.9192378226485935,1.7972680621968775,4.749917261773582,0.049580780601845224,0.05034955420990017,2.144149540482935,2.302163487588356,8.120621908392296,9.234502784956138
23,ZTF19aaafica,ZTF19aaafica_20190102_LT_0_dereddened.csv,0.02306328,-5.081311219997588,-11048.38709677419,-6673.38709677419,-1.4384744555884983,0.013867096435988338,-1.112170673600064,0.013867096435988338,1.0359051324543382,0.14466856421878982,53312.30074121212,3.0466317157952045,9.077404377872385,3.0466317157952045,1.2037875550099544,219977.35559418114,5.073495288393656,4.10508026045115,1.2906189929587286,1.0811229852930186,0.40072954556214907,0.03539600644022415,0.2060066693681475,0.03539600644022415,74.41081619054063,3.764900933871774,39.57927231217127,3.764900933871774,4.8923151757781715,78.23912215041607,1.0559979439211282,0.16533165462723912,4.3031826976938214,4.245057226242606,6.173267110778372,78.32965411585573
24,ZTF19aaddzpk,ZTF19aaddzpk_20190114_NTT_0_dereddened.csv,0.05369276,-7.895578869996825,-12600.806451612894,-7379.032258064508,-1.0962214244160828,0.026430327028351464,-1.096842899991899,0.026430327028351464,0.015188418732312286,0.015294979140764284,6.507586709309036,1.5002049298870241,6.28634636084808,1.5002049298870241,0.4356382261463271,1.1987317282406214,5.62791717264242,1.6971384306152175,0.6625179895034745,0.8941247553383493,0.3277106855050221,0.08109384145495593,0.3231016811911741,0.08109384145495593,62.873398100814086,7.1746983273146006,61.98571244473942,7.1746983273146006,5.3564128488003,7.429593779678285,0.05048360625670232,0.05053683961614267,1.8218696273572403,1.9182643015966143,8.953628018561185,10.328366754671581
25,ZTF19aakizps,ZTF19aakizps_20190209_NTT_0_dereddened.csv,0.05514175,-6.790099480000208,-16552.419354838705,-5826.612903225803,-1.1468256789069073,0.009695051620409628,-1.1479317032003005,0.009695051620409628,0.003997924716722614,0.004162868074879511,34.982197503162126,1.556500991516436,35.24953419912724,1.556500991516436,1.2993743773912871,0.9586421568242396,34.51974290101968,1.9680673562513944,1.322448802221364,0.8269878228313644,0.5184529750354748,0.026049732172752235,0.523252778599997,0.026049732172752235,99.30874765879284,2.6261009006804636,100.22695184312761,2.6261009006804636,2.44004619430286,1.461349947318626,0.03048701234685022,0.030550995049342902,2.371109435103971,2.134759466041482,3.5847219377361217,3.0053202173949605
27,ZTF19aaklqod,ZTF19aaklqod_20200219_Lick-3m_0_dereddened.csv,0.02995515,-6.328497299997252,-11895.161290322576,-7661.290322580637,-1.0033208838075498,0.009013397791308267,-1.0050595434617753,0.009013397791308267,0.0029242661507596183,0.014534694372042353,1.7159039361843837,0.3189724448269455,1.671567882111024,0.3189724448269455,0.12828628854952792,0.18924840872550547,1.652490176845668,0.39894515397652897,0.22722587610600978,0.18445802723186833,0.14405019578228828,0.031767708615241246,0.12285786008393251,0.031767708615241246,27.715874614738823,2.451581720747096,23.632091391834365,2.451581720747096,0.9902709987204402,8.720956903502561,0.02947589954911085,0.0371025927927037,0.45911745191562925,0.4395247429799932,2.6440290437905687,9.058992341659765
28,ZTF19aanhgqg,ZTF19aanhgqg_20190325_SEDm_0_dereddened.csv,0.02786203,-8.146012270000938,-12600.806451612894,-6108.870967741932,-0.9705339303273997,0.04238755206593042,-0.9657170671550244,0.04238755206593042,0.01034566834396705,0.002898575200848061,13.861066123691725,4.371837472728206,14.055253075371894,4.371837472728206,1.0104812038531188,1.213171624798888,11.785522870155166,3.821238152959104,1.231449260337103,0.9160048674403525,0.3380178827711324,0.12518098879981046,0.33663703344152696,0.12518098879981046,65.10250311444523,11.549295509456787,64.84445865266207,11.549295509456787,3.9205826527726413,6.1948940041607665,0.0636318395627015,0.06248654267337993,4.014763791609053,3.929494361721966,12.196605884506578,13.105836046874145
29,ZTF19aanhgqg,ZTF19aanhgqg_20190326_SEDm_0_dereddened.csv,0.02786203,-7.146012270000938,-13306.45161290322,-4697.580645161281,-0.9475986677478814,0.019581438090377445,-0.9533085304721434,0.019581438090377445,0.0064696809062814165,0.009887537596965708,12.540126934029328,1.4410769603788276,12.804220808465583,1.4410769603788276,0.8133367325658737,1.0439712885175083,11.757852419142138,1.7309756631077122,0.8199993211212397,1.006524655331061,0.39894290268298777,0.051094720338401005,0.40189203649902416,0.051094720338401005,76.89086288351736,5.338088992101548,77.4419380250647,5.338088992101548,3.9960976595808804,4.066975716496295,0.04062254806556132,0.041936182836097416,1.9153787178807429,2.0023407871939516,6.668132466628382,6.710848349215342
31,ZTF19aavrswr,ZTF19aavrswr_20190603_SEDm_0_dereddened.csv,0.03276714,-8.495970730000408,-16552.419354838705,-5262.096774193546,-1.1185839563211826,0.017049990927591303,-1.11543855378308,0.017049990927591303,0.005184541776890553,0.001273610979960245,25.923016676228002,1.964456560448891,26.95862039756258,1.964456560448891,0.7964564406501989,0.5579143973578535,25.848770061518742,2.235817610276309,0.828768589135242,0.5851702998704521,0.5042778948514135,0.04584596801040016,0.5150467761867046,0.04584596801040016,96.67827562106507,4.621374058839137,98.74796944516856,4.621374058839137,3.4456572271211314,1.4124032587423798,0.037820821082858926,0.03709749325366795,2.3844785091836926,2.3111262765742895,5.764516624880478,4.832388763025738
32,ZTF19abbvzgr,ZTF19abbvzgr_20190701_P200_0_dereddened.csv,0.04959426,-9.388364459999138,-15141.12903225806,-7237.903225806447,-1.1969260086318139,0.011300180847453855,-1.1984275223694834,0.011300180847453855,0.006598193009393705,0.0075743147794528985,18.775556840877762,1.3935991114794177,18.64841607150182,1.3935991114794177,1.4817974866338501,1.6217871302832354,18.285347127058092,1.532124928168641,1.5221999267052773,1.3514779067608422,0.3700491063300592,0.03077046273301742,0.36849548801640086,0.03077046273301742,70.77405167452548,3.055510404142903,70.48113686521629,3.055510404142903,4.592585289981647,4.7279714606307355,0.0330854972459733,0.03360383517848557,2.1597452193203983,2.0430123171382086,5.516156585484257,5.629374562272816
33,ZTF19abbytxa,ZTF19abbytxa_20190629_SNIFS_0_dereddened.csv,0.05063173,-5.61972231999971,-15564.51612903225,-8366.935483870962,-1.315619463486613,0.020132712407362433,-1.3151212986006606,0.020132712407362433,0.009666815384404658,0.003785331209388824,22.576679196929945,2.4640544057676665,23.321149660418225,2.4640544057676665,1.182720731447716,0.9879883492992082,20.98802786723163,2.696532571222955,2.3813733153673553,0.3559792558315547,0.4708703685880421,0.05656860076476982,0.46400465203813157,0.05656860076476982,89.72741732456065,5.4252279510880905,88.43720192925684,5.4252279510880905,2.855011947850295,7.603421597109146,0.04233323596243338,0.04048547878967779,3.5975306495998045,2.7199281494643697,6.1305947136991055,9.340509531318581
34,ZTF19abdrwsz,ZTF19abdrwsz_20190711_SEDm_0_dereddened.csv,0.02615929,-7.649118690002069,-16834.677419354834,-4133.064516129023,-1.075162470891293,0.00917102814057756,-1.0749144913842041,0.00917102814057756,0.0028642204988081465,0.000939661508071068,16.47052186802966,0.7273584615001987,16.651691324395177,0.7273584615001987,0.6397033261317867,0.1944538648623866,16.34134651930639,0.8998381740481135,0.661696299525042,0.21988730976362578,0.5030432421015147,0.022759147965233657,0.5063160929743558,0.022759147965233657,96.57071629530938,2.489783962790691,97.19967288262069,2.489783962790691,2.8713507161124956,0.8060264063314151,0.029607888229005286,0.02921904121397751,1.116938105840864,0.9263148322624051,3.8004840634173767,2.617002626875497
35,ZTF19abetjcx,ZTF19abetjcx_20190708_SEDm_0_dereddened.csv,0.05713162,-5.898953459996847,-17822.580645161288,-6391.129032258061,-1.116431635907602,0.035896390209062656,-1.1177146067905004,0.035896390209062656,0.008613464733613907,0.008082385078487313,16.098375998590377,2.6791920801426627,15.910007633718338,2.6791920801426627,0.059126158307191444,1.4643691937153909,14.942377064149188,3.170865248516986,0.3693693220919832,1.3855824052733203,0.5173119334500714,0.09358417918642464,0.5163022393828565,0.09358417918642464,99.1839120120454,9.726470352773212,98.92555768094553,9.726470352773212,2.212172718274476,5.6217816699331244,0.0569153437578265,0.05679505100687107,3.192306395124907,3.4603793182331453,9.97486509476966,11.234262533329561
36,ZTF19abfvhlx,ZTF19abfvhlx_20190715_SEDm_0_dereddened.csv,0.05646408,-7.196212900002138,-14858.870967741932,-8225.806451612894,-1.4845126505570687,756907.2956701529,-1.2953379500795972,756907.2956701529,0.9536119451650852,0.0067485592939854865,104.76286810484874,27720894.841309406,1.1664709961557036,27720894.841309406,0.06310699837417652,634.5669658246625,2.338165678798706,84907957.82592687,0.05318799609295988,0.5664563154556738,0.24781526054688127,3326571.1069154204,0.05041352476682848,3326571.1069154204,45.170369702752666,204105458.01434958,9.612346780446387,204105458.01434958,0.3623525123585354,122.97529326142089,756907.3156707536,756907.3156701529,84907957.82592687,84907957.82592687,204105458.01434958,204105458.01438662
37,ZTF19abhpvfq,ZTF19abhpvfq_20190724_SEDm_0_dereddened.csv,0.03356655,-5.02303676000156,-16552.419354838705,-7520.161290322576,-1.256332580818286,0.07271538644855507,-1.2683554390310987,0.07271538644855507,0.013134084216136054,0.03505828502549019,12.892334321082735,4.128056176270216,12.6438368738499,4.128056176270216,0.6378395224533573,2.1019375647822605,10.262973228141238,3.0396648818786653,1.2479596140888813,1.00265864687088,0.6959975517969379,0.24844815153753996,0.641062080671339,0.24844815153753996,132.88671584499673,19.637706688702576,122.22154456333828,19.637706688702576,4.950322938126341,24.24379953250161,0.09389202659664479,0.10072552740794709,3.2858736726361393,3.200763495835233,20.252042395354934,31.199380438778572
38,ZTF19abhxllw,ZTF19abhxllw_20190723_Ekar_0_dereddened.csv,0.03430746,-5.776163419999648,-14999.999999999993,-8649.193548387091,-1.151446838507699,0.028623995368154357,-1.255834379034542,0.028623995368154357,0.043926701674354224,0.47536926668551094,35.89331624241491,6.748677341118172,41.68082309266096,6.748677341118172,12.907287450190317,4.327399882209385,37.963576208196955,8.326030311784377,13.740588143040146,1.5379257510958106,0.3349646840991552,0.08797817470133906,0.4026170649921088,0.08797817470133906,63.945748429730244,7.725043788965495,76.8879361679119,7.725043788965495,30.893362537816714,7.0114196812779594,0.07242984103374563,0.4962302728932261,16.066317041232807,8.46687642337101,31.844562336989522,10.432464113930433
39,ZTF19abkgbul,ZTF19abkgbul_20190801_SEDm_0_dereddened.csv,0.03819309,-5.5298396599973785,-14153.225806451606,-9072.58064516128,-2.5003737162836916,676.0355041160973,-1.2885657215034785,676.0355041160973,0.6132423560803515,0.3191940763280071,461727.7303369832,5881611.675877541,5.535049214395049,5881611.675877541,0.3283298265069358,1059376.184587209,3.64522012234449,143387.30025414005,0.9667900651332109,0.36054622569703226,0.7859592474752066,101.65815630249598,0.2487113956107394,101.65815630249598,139.62642052746105,169137.67615027542,47.52297251561777,169137.67615027542,3.6530956547947238,79.48605270994307,676.0557822568958,676.0555794707584,143387.30025739936,143387.30025459334,169137.67618972587,169137.69482746307
40,ZTF19abpbmli,ZTF19abpbmli_20190816_SEDm_0_dereddened.csv,0.0370363,-5.036402990001079,-17681.45161290322,-3145.161290322576,-1.081591140735641,0.020732753415274616,-1.0812377324434568,0.020732753415274616,0.0032750720487186046,0.0018632649850353936,57.78052903054676,3.99345835688893,57.735839990984175,3.99345835688893,0.4581125896132691,1.1376982800237978,55.95357586014427,4.506258863721416,1.9749056891642902,0.9885315414813718,0.6813295525719356,0.05587251029572873,0.6853961464728278,0.05587251029572873,130.77438334106853,5.6270828493925125,131.54654883338208,5.6270828493925125,2.410415345448811,1.4550977662306241,0.04098983470880319,0.040816311406756005,4.920022502790135,4.613411270997998,6.121614454660018,5.8121743696500285
41,ZTF19abrogbl,ZTF19abrogbl_20190828_SEDm_0_dereddened.csv,0.035788,-7.251934129999427,-14576.612903225803,-6673.38709677419,-1.1610611206777972,0.04334761107675311,-1.1630744731116733,0.04334761107675311,0.0032192076888422844,0.008279278400717878,9.31480572286019,2.6801223737484587,9.432207177978487,2.6801223737484587,0.6961280362434462,0.9757221758602098,8.535622695066923,2.981453857038121,1.133546477450947,0.8549635116908633,0.3946321522423347,0.11111725397223818,0.40233554385923354,0.11111725397223818,75.5570917318506,11.735363090643265,77.0068112611707,11.735363090643265,4.08719295681702,5.169846881266326,0.06346698384067326,0.06413118893592198,3.1896700014560975,3.1016172729674856,12.426741050472037,12.823652507962441
42,ZTF19abxfhrq,ZTF19abxfhrq_20190910_SEDm_0_dereddened.csv,0.03311112,-8.383954780001659,-11189.51612903225,-6391.129032258061,-0.9163226309723276,2.3321894159495203e-14,-0.9196672691353585,2.3321894159495203e-14,0.005250749327291881,0.006534868295162844,4.879850767552558,8.945077400114632e-13,4.944945913974858,8.945077400114632e-13,8.881784197001252e-16,0.967425479872161,3.4367024335471053,5.799171912922246e-13,0.23608496587514197,0.5438692703145026,0.2634290774943127,8.819075216361864e-14,0.2840171741254649,8.819075216361864e-14,50.8231694684887,6.360588577837599e-12,54.77314491946527,6.360588577837599e-12,3.6771954023759603,5.480941330006251,0.02525074932729188,0.026534868295162845,0.23608496587514197,0.5438692703145026,3.6771954023759603,5.480941330006251
43,ZTF19abyjjxp,ZTF19abyjjxp_20190914_SEDm_0_dereddened.csv,0.02441079,-6.137513840003521,-14012.096774193546,-9213.709677419349,-1.1392892065282663,121223331811.8412,-1.1394772523714982,121223331811.8412,0.0004654537829284194,0.0005893145679468242,1.5329670016318633,23096317293198.99,1.5050241210683764,23096317293198.99,0.1823190042012049,,2.5858977700258095,122327463270241.45,0.06618982345443448,0.510578247850009,0.048871222454550195,1554964858228.2202,0.05157376729145491,1554964858228.2202,9.363028542392408,32845388526278.926,9.88075741701141,32845388526278.926,0.6534038267764054,0.20214092648919305,121223331811.8612,121223331811.8612,122327463270241.45,122327463270241.45,32845388526278.926,32845388526278.926
44,ZTF19abzlsbl,ZTF19abzlsbl_20190921_SEDm_0_dereddened.csv,0.03402776,-5.63650133000192,-15705.645161290318,-2580.6451612903184,-1.0465994153496339,0.0225062336616298,-1.042204050569639,0.0225062336616298,0.01267279563981072,0.0028626835556541568,33.15536751501985,2.849656619604674,31.90052298731202,2.849656619604674,,3.3080704391962237,29.925325209729866,3.5854664346389025,0.2866226096308701,3.226616470075477,0.6619949139270217,0.058736766907646225,0.6600295905297429,0.058736766907646225,127.19801359101672,6.111305200814862,126.83968907579674,6.111305200814862,1.2999100738908564,5.897879468653703,0.0458288656924822,0.042687562909481724,3.596904512810121,4.823548838654434,6.248025084593508,8.493116829778904
45,ZTF19abzmnuk,ZTF19abzmnuk_20190924_SEDm_0_dereddened.csv,0.03953882,-6.492899199998647,-17399.19354838709,-4415.322580645152,-1.1064653875277275,0.06667565434099336,-1.1015252505091633,0.06667565434099336,0.029954596947315382,0.002016475099978544,134.35058260337354,20.838652788725394,139.1648538268503,20.838652788725394,4.262547883191287,3.2348839663644777,117.13966281899101,17.265238654684193,11.355086106764736,2.186631285107039,0.8924132302074856,0.2707249206387337,0.9200922982393427,0.2707249206387337,171.17284212339496,18.086433046650424,176.53273527213696,18.086433046650424,14.03847041680815,3.290601615509252,0.09309528548460388,0.08670613954973307,20.664618222828185,17.403155523645996,22.895364421527912,18.383338090318652
46,ZTF19acjwqvo,ZTF19acjwqvo_20191104_SEDm_0_dereddened.csv,0.052473,-7.886508520001371,-14858.870967741932,-9495.967741935478,-1.1414721728071273,0.3356606819240328,-1.1342578815718376,0.3356606819240328,0.0018242699485384332,0.01682909762382929,3.427988512068475,10.159737753732935,4.237054692004038,10.159737753732935,0.10479690319024812,0.7387743535821962,2.963950325476218,5.09004876916762,0.1922272055095187,0.200991714563283,0.1788452885991375,0.820279021548819,0.2472725700096834,0.820279021548819,34.27778626530932,90.99040940649458,47.39794808700299,90.99040940649458,14.398594607085686,6.475922056508927,0.3556656392163962,0.35608229932047764,5.093677234674651,5.094015522338727,92.1226037985287,91.22056879039658
47,ZTF19acjwqvo,ZTF19acjwqvo_20191105_SEDm_0_dereddened.csv,0.052473,-6.886508520001371,-15705.645161290318,-6108.870967741932,-1.1298496228597135,0.06489904035209326,-1.1310708434796135,0.06489904035209326,0.00362605736528012,0.007695824637861876,10.190278485319112,3.300019200673177,10.202286926911977,3.300019200673177,0.3524150071328268,0.4878212700702106,9.539057886112849,3.693783017095654,0.411874394614054,0.34848239036293943,0.47652857498562107,0.17288528827561214,0.47662742018486726,0.17288528827561214,91.32614872228801,17.58298464369812,91.32349825400979,17.58298464369812,1.7692974535611328,2.951143810001088,0.08500025946593547,0.08535373864959335,3.716675059017531,3.7101850295877887,17.671778701073123,17.828925900564833
48,ZTF19aclofmz,ZTF19aclofmz_20191105_SEDm_0_dereddened.csv,0.030792,-8.853881110000657,-15846.77419354838,-3568.548387096765,-1.0508026263696575,0.028720331345437063,-1.0438878289472142,0.028720331345437063,0.009503682538258219,0.00314658409504537,32.032719540231184,3.7057432243895145,34.24296991448745,3.7057432243895145,1.233312438472246,0.43416887213800087,32.271993193461704,3.8451240353389453,1.3078367233661867,0.540503860981052,0.5931366448849098,0.07430278344153833,0.6208191868590915,0.07430278344153833,113.95597526167455,7.803988165323843,119.29523513558888,7.803988165323843,5.608995557322444,0.6808064239256338,0.050251899351605823,0.04889218621113479,4.061454879981613,3.882927152404057,9.610570349702327,7.833628065677678
49,ZTF19acnkeji,ZTF19acnkeji_20191107_SEDm_0_dereddened.csv,0.03527515,-8.463762500003213,-14576.612903225803,-4697.580645161281,-0.9098399654540974,0.034163586757948256,-0.9049482829824278,0.034163586757948256,0.031823671407988176,0.0036857816477613233,6.479769276688265,2.7990677038821246,6.2428847516387505,2.7990677038821246,0.5605349435291337,1.1700574437907987,6.226659677982972,3.304424218910875,0.6586084500170479,1.1354897758827651,0.22193558075651854,0.1013002187361193,0.20532181779860537,0.1013002187361193,42.81443086761682,9.324177542002609,39.62490647330651,9.324177542002609,7.622439956156778,17.387675191600003,0.06668936412130134,0.05436183415539443,3.3694190165306845,3.4940744768334633,12.043333330934635,19.729965418200003
50,ZTF19acoxgqw,ZTF19acoxgqw_20191109_SEDm_0_dereddened.csv,0.0322677,-7.69077457000094,-11471.77419354838,-5685.483870967735,-0.6590351671688963,52746.36935155304,-0.8411080040397652,52746.36935155304,0.0030146644157974804,0.3640612158187224,6.935610213856112,4856938.202275646,3.1895150902256044,4856938.202275646,1.4954252707846845,12.12461725363898,6.452818495063805,1159628.4168561494,2.848640162702822,2.722175319331814,0.12175498534184648,132766.79763562133,0.0478953061168792,132766.79763562133,23.63643636114909,14425267.864876593,9.261802846272076,14425267.864876593,3.737351673775165,35.78050961376238,52746.38935155312,52746.389352809434,1159628.4168596484,1159628.4168593446,14425267.864877077,14425267.864920968
51,ZTF19acqehbt,ZTF19acqehbt_20191112_SEDm_0_dereddened.csv,0.05522577,-11.000000660002115,-15282.258064516122,-7520.161290322576,-1.1952227811110747,0.03695358592965876,-1.1959778337173512,0.03695358592965876,0.001537184549308256,0.0038439586476229737,9.891300157695639,3.3236816587415214,9.728099962193491,3.3236816587415214,0.43147845445829425,0.721507332926277,9.365435668266151,3.825578102170159,0.4596032247814538,0.7769832304474972,0.272702472957302,0.09824497131073208,0.2736817647034062,0.09824497131073208,52.15663704445542,9.99497250623183,52.33908882776723,9.99497250623183,2.6122826988391763,3.3251285579109613,0.05698554378942272,0.05715297472807944,3.8530874555391743,3.903684254163042,10.330706476276669,10.53356327777857
52,ZTF19acynije,ZTF19acynije_20191220_LT_0_dereddened.csv,0.01908516,-7.475000869999349,-13306.45161290322,-7943.548387096765,-0.7350108557563665,0.01820020099630823,-1.0859376762992214,0.01820020099630823,0.07102031999066959,0.5080722321408268,7.778452777772162,3.6857294124199114,12.148715180755332,3.6857294124199114,2.487216773059865,1.541146536821802,11.779096335787067,5.815114773055381,3.0538211345365887,1.576127166145095,0.10921344661940155,0.05947466659560313,0.17159624649860605,0.05947466659560313,20.955755110291896,4.939368798724513,32.92596680153292,4.939368798724513,3.8341343398532564,3.896473444730626,0.0933152996848756,0.5283981121019906,6.568210056442263,6.024926279023462,6.25283537811889,6.291253407334995
53,ZTF19aczeomw,ZTF19aczeomw_20191220_NTT_0_dereddened.csv,0.03583326,-8.601469150002231,-13729.838709677417,-5685.483870967735,-1.0929806231950319,0.05108323492755298,-1.0890308363792451,0.05108323492755298,0.024419329613850422,0.017256706325189962,21.499935296290502,3.754610830404371,21.561828954045296,3.754610830404371,2.6413950919560567,2.905695093966724,17.91271605521539,3.90597573864385,2.1592855129928252,1.4367026730199821,0.6332001610251062,0.15607903998957315,0.6235109107477446,0.15607903998957315,121.49976760866069,13.862586420231148,119.58701849685986,13.862586420231148,13.304788448121291,16.607111522394348,0.0766197893801579,0.07391929899263731,4.463088661173454,4.161821841638242,19.214283694888,21.63255545180967
54,ZTF19adcdgca,ZTF19adcdgca_20200102_SEDm_0_dereddened.csv,0.04677729,-5.932117559998005,-15705.645161290318,-7943.548387096765,-1.1135567406059947,0.016563062928908034,-1.1243877114205647,0.016563062928908034,0.004782475135279106,0.12061447923452831,2.645127217858545,0.677111287358604,3.0085795399535544,0.677111287358604,0.8549402934966042,0.053437867930228984,2.852840075654028,0.8289902523418483,0.5689190529160847,0.05930382256232195,0.17433110616517447,0.04853681785039562,0.198535244131818,0.04853681785039562,33.4164274710602,4.48969367087948,38.05404235758124,4.48969367087948,11.737324921689375,0.1866183069168197,0.03723969611120018,0.14174640715275102,1.0054321097163827,0.8311087665572447,12.566707825665627,4.493570479119223
55,ZTF20aaaxacu,ZTF20aaaxacu_20200102_LT_0_dereddened.csv,0.02208516,-10.700374849999209,-16834.677419354834,-6673.38709677419,-1.2256704251775101,0.02787041783728595,-1.2237470217929247,0.02787041783728595,0.00869244927031319,0.008179111179242625,25.45551651966473,3.1545023889276975,25.96448489493809,3.1545023889276975,0.626244297566188,1.708060177920576,24.134196061655846,3.3570018986907804,0.8042270172444964,1.3120365094882165,0.5550417089630602,0.07570671073653527,0.5612141497488397,0.07570671073653527,106.0597358259567,7.527197635080124,107.30601742314411,7.527197635080124,2.556320008045967,3.6808372314475983,0.04919450059072557,0.04904579229608513,3.4519911418020013,3.604289326627862,7.949432446476411,8.378977680001697
56,ZTF20aacevxq,ZTF20aacevxq_20200107_SEDm_0_dereddened.csv,0.02082774,-9.309836410000573,-14294.354838709674,-6532.2580645161215,-1.1829061721072591,0.060128312441828466,-1.187439120725675,0.060128312441828466,0.003859365003875379,0.0039862666395827214,10.390376871747776,4.293620838868091,10.009866779973043,4.293620838868091,0.14523576723663753,0.901707463425461,8.972680693936042,4.618458725793992,0.309012315379291,0.19839471921614765,0.37285148346155905,0.1606571219402312,0.35985002967868973,0.1606571219402312,71.33394252441605,16.276514676507492,68.83799034763251,16.276514676507492,1.3836567467461258,3.7654065211684027,0.08025204274823619,0.0802603043372998,4.628784895943938,4.622717973927841,16.335220721109952,16.706382501434035
57,ZTF20aahqbib,ZTF20aahqbib_20200128_SEDm_0_dereddened.csv,0.05558274,-6.434718359996623,-14435.483870967735,-3145.161290322576,-0.9685328742062034,0.06892184156421535,-0.969981481709099,0.06892184156421535,0.015809978221705486,0.011111446107106062,19.294526073085976,4.46545042383987,18.25741040475628,4.46545042383987,0.9030518637163328,2.8716040637300195,16.526386935849025,4.34229288329815,0.9099275204497786,2.4324494344663403,0.7137676454752067,0.18610555807553075,0.68643013437374,0.18610555807553075,137.4770055179459,18.794955375861775,132.3709260044334,18.794955375861775,5.626068284492705,15.494462908508895,0.09071192018304697,0.08981177894305463,4.436606313029548,4.977179696934538,19.61894471989791,24.358340017410736
58,ZTF20aakzezp,ZTF20aakzezp_20200104_NTT_0_dereddened.csv,0.04783474,-15.726773009999306,-13447.580645161288,-8225.806451612894,-1.0073733871241692,0.1215041580583217,-1.045381828628825,0.1215041580583217,0.31971921221307004,0.29578422514582564,1891188.4269983629,1.353029974432922,2.9469385882665975,1.353029974432922,0.5095669188720511,17892586.023617942,2.0699738491054793,0.8820030992818075,0.5053343104547439,0.677358836987294,0.43889543693038957,0.3191400805726145,0.3539088117498326,0.3191400805726145,84.47796593339129,33.04327399137146,67.96016196254368,33.04327399137146,18.18989764789006,101.55219323386301,0.3620287050579348,0.3397679913164826,1.0165098290058416,1.112090131773272,37.71909771600537,106.79281767364647
59,ZTF20aamkyyx,ZTF20aamkyyx_20200214_SEDm_0_dereddened.csv,0.04968179,-5.0016893400024856,-16270.161290322576,-4697.580645161281,-1.1877139704799275,0.028940572571149115,-1.1843109362565563,0.028940572571149115,0.0027331040460858488,0.0005485197728799403,38.64885620370141,4.249518341150061,38.14559943129542,4.249518341150061,7.105427357601002e-15,1.1215289106169581,36.17805370959684,3.8315804969259455,0.43604401003693943,0.8275736827841608,0.6019832519387789,0.08245260272148619,0.5918889716617857,0.08245260272148619,115.16446160899689,7.827968957001686,113.24954804291247,7.827968957001686,0.6531389939937239,3.616978716866724,0.049069341211535555,0.04894577023827815,3.8563121610046522,3.9199346046662837,7.85516954223505,8.623203176897139
60,ZTF20aammhli,ZTF20aammhli_20200211_SEDm_0_dereddened.csv,0.02427873,-9.721517860001768,-15282.258064516122,-7802.419354838705,-1.3153426639457015,0.029812406409264712,-1.3301907736709904,0.029812406409264712,0.0002771532926766816,0.02626323575003018,8.78572787182549,13.012536989940905,8.848334693688976,13.012536989940905,0.4691075124643108,0.9220478322731692,6.249674521851372,10.019582118626326,1.1214002196702544,1.4318522580932684,0.14805582363726985,0.07427096378982032,0.09697977192271057,0.07427096378982032,28.224837766075666,8.030336993705122,18.47155321697028,8.030336993705122,6.509525903622446,23.957707542503094,0.04981369466971192,0.059730808297501714,10.08214085819936,10.121374744613659,10.33732265736156,25.267727696106324
61,ZTF20aammhli,ZTF20aammhli_20200213_Lick-3m_0_dereddened.csv,0.02427873,-7.721517860001768,-18387.096774193546,-4133.064516129023,-1.2538384145216006,0.008316842805660586,-1.2539005871250848,0.008316842805660586,0.0013760267047490198,0.0013798838853168979,52.80361477381263,1.4529060607581374,52.78227236318412,1.4529060607581374,0.2678183713956513,0.7674121873238332,51.871269410547086,1.814929626010017,0.47861125132381394,0.6710465766754474,0.6806597489703254,0.02226220227224842,0.680757114820683,0.02226220227224842,129.95426971769294,2.2456977689518163,129.96867163339994,2.2456977689518163,0.8276492270701736,0.9393546519338106,0.028429906508749117,0.02843053698117893,1.8769758328925301,1.9350124173856604,2.3933578321147513,2.4342443656266015
62,ZTF20aaodkvl,ZTF20aaodkvl_20200217_SEDm_0_dereddened.csv,0.0251175,-9.550110680000216,-14999.999999999993,-8225.806451612894,-1.199904331144586,0.03210283733777704,-1.201168789604405,0.03210283733777704,0.0017412860417821707,0.002144791970111252,7.000116431596108,3.557716474204139,6.934359873201485,3.557716474204139,0.35989298077554444,0.8583912720062576,6.722337558159049,5.442267853066694,0.47499529669047746,0.7792734544950061,0.18910061992148808,0.1040715738396271,0.18150731102839956,0.1040715738396271,36.16099370407508,8.680678136879395,34.71558572750109,8.680678136879395,2.452863549028246,5.189888681623715,0.05215002709509087,0.05217440438812854,5.462957067047227,5.497776505224976,9.02057162857473,10.113808256227813
63,ZTF20aapcmur,ZTF20aapcmur_20200225_SEDm_0_dereddened.csv,0.04221969,-6.192592369996419,-17258.06451612903,-4979.8387096774095,-1.1906940359369864,0.015817367781708128,-1.1900566167440743,0.015817367781708128,0.003267334171653734,0.0010062979027212619,24.931427364457768,1.7230571851904097,24.9603638427339,1.7230571851904097,0.8052532759810505,0.5306635342001352,24.299179741708723,2.148361133535483,0.7540816890850927,0.36209703243941177,0.5460996133967815,0.04016756798424122,0.5497334515306336,0.04016756798424122,104.46360264550248,4.279140380824822,105.165891481377,4.279140380824822,1.8979636668957733,1.016512873243611,0.03615130323320921,0.03584934569661598,2.2768607234302434,2.178662392613251,4.681165290786264,4.3982201877891
64,ZTF20aatvzmm,ZTF20aatvzmm_20200331_SEDm_0_dereddened.csv,0.03151248,-6.795530529998359,-15282.258064516122,-3145.161290322576,-1.041780013070196,0.017531958030953202,-1.0416640245379662,0.017531958030953202,0.0029208299057307797,0.00158524154511694,29.85548084845455,2.257515818739915,29.226483093859848,2.257515818739915,0.38397188092731477,1.890498365951379,27.849366733967415,2.4825176079036773,0.5734270234161994,1.8559956776809525,0.5429378164219596,0.045243000078102294,0.5319697990127685,0.045243000078102294,104.33743664168634,4.765189801141227,102.22920711955703,4.765189801141227,1.0868022624932836,2.671734235383521,0.03777359839023364,0.037603480995401714,2.5478838719093457,3.0996150775736933,4.88755286402724,5.4630758429131046
65,ZTF20aaumsrr,ZTF20aaumsrr_20200409_Other_0_dereddened.csv,0.00733461,-6.546653819998028,-15564.51612903225,-3991.9354838709614,-0.9523579675569914,0.020851097209832675,-0.9519874323962485,0.020851097209832675,0.00449751006115015,0.006276762639486608,33.69952570123813,2.405345615144837,34.18961142768677,2.405345615144837,0.9325597769038568,1.1922437411824256,31.237658206437402,2.493554429116383,1.6044357549477115,0.7172419163590706,0.6933864454301408,0.0610095372660393,0.6959175811623413,0.0610095372660393,133.62516525448234,5.682437964987602,134.10184765193662,5.682437964987602,2.353469893963317,0.9076073751689084,0.04133063176757873,0.041775353133447615,2.9651353734223607,2.5946579076148675,6.150522072777574,5.754463691204719
66,ZTF20aaurhzc,ZTF20aaurhzc_20200417_SEDm_0_dereddened.csv,0.03326635,-6.388502929999959,-17963.70967741935,-5967.741935483864,-1.1842591812293592,0.026561214746965964,-1.18315242013536,0.026561214746965964,0.003684603555896131,0.005251578199439542,35.35374636479334,3.337291422894518,34.65126381754189,3.337291422894518,0.8700447288696715,2.644164369101286,32.388668857032485,3.2822252918412396,0.7287622057064538,2.1055789616757528,0.6345804823248621,0.07418317293092538,0.6329388059292806,0.07418317293092538,121.41563548819215,7.18758998133883,121.1046527297176,7.18758998133883,1.6887876087199225,3.5067244168148726,0.04681556324596902,0.047075398472031224,3.362156632114043,3.8995468493472227,7.383322648185454,7.997409947934889
67,ZTF20aavnnat,ZTF20aavnnat_20200424_SEDm_0_dereddened.csv,0.03219172,-11.270786209999642,-15141.12903225806,-4133.064516129023,-1.1844571017760623,0.044451043618377824,-1.1917304347251605,0.044451043618377824,0.012765655908366497,0.021907950071774353,15.260420385786704,2.3110100142571697,15.265443049791566,2.3110100142571697,2.2083052418196356,2.043359971897008,13.661134966751497,2.050432891108505,2.1753610596383077,1.0037314122724779,0.6031042093640744,0.11938851580079418,0.5784874359011727,0.11938851580079418,115.38585779674192,12.009748058290615,110.8329262240386,12.009748058290615,9.785176643295678,16.515467423168236,0.06624778102280952,0.069556569242738,2.989393045541232,2.2829261461821506,15.491408275689931,20.420448394424312
68,ZTF20aavrloz,ZTF20aavrloz_20200425_SEDm_0_dereddened.csv,0.04337762,-10.383502670003509,-13447.580645161288,-5685.483870967735,-1.042524039209254,0.03943886159658723,-1.044932477846963,0.03943886159658723,0.003495775262570834,0.005546191989194479,11.480338132393815,3.1408222588902124,10.742156705771032,3.1408222588902124,0.5052679942746485,1.5463107048649594,10.207507466533173,3.874153819733729,0.818287614055075,1.451739506839865,0.3636990358426726,0.10406868894680263,0.3531828810723079,0.10406868894680263,69.88867339386844,10.721024211712972,67.85971220088322,10.721024211712972,1.9488409385702752,4.1833806601200205,0.059593487453382596,0.0598269261883938,3.959629078370017,4.137223152632343,10.896712401086083,11.508302824291771
71,ZTF20aazgtmp,ZTF20aazgtmp_20200516_SEDm_0_dereddened.csv,0.02370821,-8.144827570002235,-15141.12903225806,-3145.161290322576,-1.0341991666769546,0.02319293623374434,-1.0393080029202784,0.02319293623374434,0.000628834141173705,0.005248741186745245,20.364652707215143,2.190295690340981,19.701493561218655,2.190295690340981,0.3459792986517424,1.1054639053385287,19.209392239256026,2.5181616039422723,0.3195616066829554,0.939562038685541,0.5138180238360954,0.05960081903660892,0.503442451142424,0.05960081903660892,98.76566850333172,6.303149070418124,96.75105640122365,6.303149070418124,1.330378850224438,3.754250270203464,0.04320145951270386,0.04377943597287301,2.5383572412162376,2.6877341178226777,6.442018013715684,7.336489848369971
72,ZTF20aazhzna,ZTF20aazhzna_20200516_SEDm_0_dereddened.csv,0.03656528,-6.909999089999474,-15423.38709677419,-4556.45161290322,-1.1614989512256875,0.02609746101437903,-1.1576861418918227,0.02609746101437903,0.006127537309592495,0.0010201514826101486,34.711979622144966,4.571329076446124,32.31494287864796,4.571329076446124,0.013388131547102364,3.028242397181334,31.42145435157827,5.276363768105075,0.5161215691030752,3.0515861765571235,0.48628843862964,0.0697978677216947,0.4550177656483385,0.0697978677216947,93.1041112218563,7.066333286418864,87.1283900548151,7.066333286418864,0.9072288614214568,6.646799297822384,0.04680716667008063,0.04611739229794018,5.301546575053869,6.095259863724147,7.1243336756322195,9.701185856393195
74,ZTF20abaunmw,ZTF20abaunmw_20200525_LCO-FLOYDS_0_dereddened.csv,0.00869363,-5.36476735999895,-16270.161290322576,-8649.193548387091,-1.4431136712089452,0.030536814210311663,-1.3926901155459117,0.030536814210311663,0.4070146550297491,0.019671606796273878,16.773941005031258,1.344689937768722,10.580340349607516,1.344689937768722,1.821308421102267,115.14985560361501,9.115466588785337,1.4559850476563756,1.6880978886485094,0.6738384874985299,0.5451018063048352,0.08340222895755568,0.5216896986156581,0.08340222895755568,103.01503596394517,8.208184849105413,99.30223759452656,8.208184849105413,24.027126185963407,81.71589177021768,0.4281585800042684,0.056324497739986726,2.229252552013453,1.6043536911271294,25.39049214318801,82.1271043341905
75,ZTF20abavxpk,ZTF20abavxpk_20200525_SEDm_0_dereddened.csv,0.03018042,-5.750543280002603,-15705.645161290318,-5544.354838709674,-1.1694574904239676,0.034251954802479265,-1.168936943868383,0.034251954802479265,0.002488193172923703,0.0013305508048231602,22.824118941471944,3.940860468591958,23.049973839644334,3.940860468591958,0.24255270280840893,0.47823160631482514,21.477308117825473,4.209397714396032,0.5014675955983788,0.31387526710200075,0.481245940327423,0.09275045290055837,0.48430562149593537,0.09275045290055837,92.11705894613381,9.271275973612811,92.69831429413716,9.271275973612811,1.4705159458509802,1.2127427800215607,0.054342211825345016,0.05427778833640376,4.239162519578337,4.221083605102,9.387170783888624,9.350256853658331
76,ZTF20abazekd,ZTF20abazekd_20200523_SEDm_0_dereddened.csv,0.05443432,-6.49292183000216,-16552.419354838705,-5120.9677419354775,-1.0947640428626442,0.03810600252356142,-1.0946079917684755,0.03810600252356142,0.00400301886804611,0.0030195332862430107,20.653159676301318,3.565077429252755,20.779837765143423,3.565077429252755,0.2803011759740612,0.8395898441455021,19.74710388598423,4.152151998064162,0.6647499951954448,0.7824397906392857,0.5480483495697247,0.10018735938988611,0.5512632463332663,0.10018735938988611,105.14729297652953,10.338817951455761,105.78434655334513,10.338817951455761,1.9926246893160064,2.647520769574411,0.0583156833213712,0.05822544976311461,4.205027796714376,4.225231146458601,10.529088744322351,10.672418791383318
77,ZTF20abeeahl,ZTF20abeeahl_20200609_SEDm_0_dereddened.csv,0.04888182,-7.608573760000581,-15705.645161290318,-6108.870967741932,-1.1432951135246174,0.02538160767064742,-1.1439431604459678,0.02538160767064742,0.003535434510795339,0.004021384827058008,5.735207538217498,0.8575854392769902,5.688292415594888,0.8575854392769902,0.2850713452497747,0.3073203831878712,5.42251567606779,0.879881548456726,0.2735043087462476,0.1703345060831562,0.43113876394505946,0.06528503269390185,0.4283153997044753,0.06528503269390185,82.5918740563121,6.87599351497265,82.06558886854691,6.87599351497265,2.8964917752371377,2.7844523207547462,0.045626652241890484,0.04569820117973163,0.9214098687432041,0.8962172634340395,7.461162873303485,7.4183867211478285
78,ZTF20abeeytg,ZTF20abeeytg_20200613_SEDm_0_dereddened.csv,0.0427352,-7.357674309998401,-13870.967741935478,-4415.322580645152,-1.0013173938506585,0.041328143279339535,-0.9986939321804291,0.041328143279339535,0.014027964455446703,0.006701611641424071,11.589457688391045,2.3771684854220663,11.614431011694238,2.3771684854220663,0.6893039668960185,0.9318237776626143,10.47665878855374,2.8722723054103407,0.8916954109836185,0.5041206686012552,0.5146387582897086,0.10548433970223443,0.5123765606296518,0.10548433970223443,99.02514252213354,11.246530994950893,98.63236588989821,11.246530994950893,5.185800300758169,4.4848388854693715,0.06364400547246889,0.06186797135651653,3.0075021034733256,2.916176579862442,12.384546183842776,12.107775982772777
79,ZTF20abfhway,ZTF20abfhway_20200619_SEDm_0_dereddened.csv,0.04693154,-5.926648400003614,-15423.38709677419,-5544.354838709674,-1.0094726781800607,0.026693052022738247,-1.0099381217775312,0.026693052022738247,0.0034944512191438333,0.0019424265486762608,20.69995547618567,3.148111651596866,21.619210507657506,3.148111651596866,1.3752815194429089,0.5603753457360637,20.825142607275815,3.701691408105244,2.662647970591701,0.24769412444965874,0.4267417400210951,0.07207876894611351,0.4282308797117671,0.07207876894611351,82.09011673206612,7.262179522929782,82.37274348809751,7.262179522929782,5.941556893377528,2.667980216037294,0.04692081379920723,0.046763632922038306,4.559847968533194,3.7099692263045885,9.383035209382019,7.736754478230974
80,ZTF20abfsemq,ZTF20abfsemq_20200622_SEDm_0_dereddened.csv,0.04745839,-6.096234040000127,-18245.96774193548,-3286.2903225806367,-1.1597819165867098,0.016552566782297978,-1.1601646252908546,0.016552566782297978,0.0010831347610446686,0.00238973100530449,52.09151265812551,2.9100440993102286,52.61294034737459,2.9100440993102286,1.6898255970045906,0.5518981089587999,51.39937401333624,3.3631979225325876,1.4940620804201057,0.28699240796261644,0.6678386038610005,0.04256696138467157,0.6687623044844992,0.04256696138467157,127.87488797067893,4.482311743940977,128.05041512793832,4.482311743940977,2.2142150957993927,1.0558856388861666,0.03658796696382706,0.03672418253189519,3.6801252378522076,3.3754207009431716,4.9993866684161485,4.6049987027443615
81,ZTF20abijfqq,ZTF20abijfqq_20200625_LT_0_dereddened.csv,0.0028543,-19.85977498000284,-16834.677419354834,-9354.838709677417,-1.4538244823866724,0.011546171051120695,-1.4522191450305595,0.011546171051120695,0.0027087986548318425,0.001032610355238856,12.553927153639542,1.2042955567531766,12.419382940165415,1.2042955567531766,1.0229543594971455,0.7090123976865795,11.943555480510717,1.4736301458762227,1.15352228517076,0.6079556519495218,0.2988473337228875,0.03302659036344476,0.3032301217323119,0.03302659036344476,56.70863681312581,3.098171675305988,57.545147083897064,3.098171675305988,2.306249507638242,0.9734021711226536,0.031859665091989585,0.03159225388298083,1.8714164339400114,1.5941128823181077,3.862312069363368,3.247488185723638
82,ZTF20abjapav,ZTF20abjapav_20200630_LT_0_dereddened.csv,0.03373047,-5.446653300001344,-13729.838709677417,-10907.258064516122,-0.9126628888741157,42844631970197.45,-1.2072459323492946,42844631970197.45,0.038718458320892914,0.5984314777289272,3.2649911332863737,5.596018766702916e+16,2.2715341322526963,5.596018766702916e+16,1.1846672418603417,5.1195035713350645,3.038777474851241,1.0246386065101669e+17,1.4335598340612097,0.6888619756869601,0.015848376675896184,13396927748165.27,0.014870603495823698,13396927748165.27,3.029820350148662,1.1589958207578736e+16,2.843017894467266,1.1589958207578736e+16,1.2555889944312022,3.149202610596575,42844631970197.48,42844631970197.48,1.0246386065101669e+17,1.0246386065101669e+17,1.1589958207578736e+16,1.1589958207578736e+16
83,ZTF20abjfufv,ZTF20abjfufv_20200917_Keck_0_dereddened.csv,0.03129,-5.494113599997945,-14294.354838709674,-4838.709677419349,-1.0279186927052226,0.010924769614092696,-1.0247796581269148,0.010924769614092696,0.013258211025151371,0.00485716661851549,7.588824380298643,0.34106204136689083,7.732434500346247,0.34106204136689083,0.4848199686581937,0.33562699426876047,7.113487503962023,0.35389162097476623,0.5214378109653004,0.15233917212577242,0.614602609587969,0.030111116589860643,0.6184318435194862,0.030111116589860643,118.16296519945375,2.970956807348817,118.89275300790587,2.970956807348817,3.6233242052116457,1.4892471347077116,0.037179369915932556,0.03195586294171292,0.6301878054202826,0.3852875585327319,4.685622973224039,3.3233178270167603
84,ZTF20abjfufv,ZTF20abjfufv_20200917_SEDm_0_dereddened.csv,0.03129,-5.494113599997945,-17116.935483870962,-7237.903225806447,-1.2330469516218912,0.07921080398020197,-1.2300245413588478,0.07921080398020197,0.01970252559527463,0.010098676126017303,7.252262127513747,2.626840323682749,7.184530875133245,2.626840323682749,0.6361813709557262,0.4254936097713797,6.599315051762271,2.963684973175261,0.4576512554667708,0.15825493881007294,0.579793294269753,0.2052180351148189,0.5812049540718511,0.2052180351148189,110.77365661130588,21.39117631908816,111.04511825134796,21.39117631908816,6.720372178116588,4.6625796623651805,0.10162438962725806,0.09985195505864695,2.9988119800773037,2.9679072165218754,22.421994258466874,21.893425346944216
85,ZTF20ableiem,ZTF20ableiem_20200717_SEDm_0_dereddened.csv,0.01560413,-7.338921750000736,-16834.677419354834,-6108.870967741932,-1.1490784388017543,0.05006691450201026,-1.157976848857035,0.05006691450201026,0.0181691934317508,0.020946090200045713,20.680084199177685,3.443655366394169,20.226641413916443,3.443655366394169,1.2346232209033745,2.184410384672346,18.73650331060098,3.4045765249951163,2.0878034170019406,1.6428056272001825,0.5957649982500028,0.13250977552676993,0.5797179630771638,0.13250977552676993,114.11898180699235,13.53719054578323,110.9937240243753,13.53719054578323,3.739226236030932,11.369040477358388,0.07326176412504548,0.07427185847582572,3.9937531749712325,3.7802052382520723,14.044121215550117,17.6779696019836
86,ZTF20abmoans,ZTF20abmoans_20200722_SEDm_0_dereddened.csv,0.03108456,-7.56180845000199,-16411.290322580637,-6955.645161290318,-1.2062260107474518,0.03144852206869486,-1.2045372418828633,0.03144852206869486,0.004794122764048819,0.003080573731187837,4.349183977664753,0.7730104459134215,4.398222680116441,0.7730104459134215,0.12626269978321655,0.16018482352442626,4.0637201448646305,0.8767759295507587,0.2577960607980044,0.15021859952027344,0.4511574273795694,0.0786523251625737,0.45156735880334176,0.0786523251625737,86.26001967090306,8.503669217346202,86.32555030621097,8.503669217346202,1.7152192910694652,2.8454530533049383,0.05181183983019465,0.051599042308564866,0.9138899493935609,0.8895513803493473,8.674927514077464,8.96710617962137
87,ZTF20abpsbyg,ZTF20abpsbyg_20200804_SEDm_0_dereddened.csv,0.0522197,-5.99332172999857,-15705.645161290318,-2439.5161290322503,-1.0687912290957073,0.05292869985141318,-1.0732432192975065,0.05292869985141318,0.00843316470119426,0.011653581129096154,54.742605582283744,9.417163758716036,57.4455861050469,9.417163758716036,4.650329107250646,4.3603878766247925,51.252190482933266,10.84222540157235,6.5561957718324555,2.0620673127272093,0.7364218376864078,0.1425724566218505,0.7326859572384605,0.1425724566218505,141.40297617440817,14.369768857052287,140.7607165324098,14.369768857052287,6.05209402685542,8.706518200842364,0.07359632016135487,0.07419643181145241,12.670341536718514,11.03657434445665,15.592244838861685,16.80159861997391
88,ZTF20abqbzuv,ZTF20abqbzuv_20200804_SEDm_0_dereddened.csv,0.02657839,-10.2213316999987,-18669.354838709674,-4979.8387096774095,-1.236513181673304,0.05523997759688897,-1.2358424973548932,0.05523997759688897,0.004719495904406696,0.016905898167078093,20.699134421883997,3.7756771580194655,19.766665341507696,3.7756771580194655,0.4279455261848465,2.6489183933558516,19.065858108859814,4.28436889740123,0.4388591885125522,1.9920419159839797,0.7335282678936742,0.13859862803610368,0.7189875069888672,0.13859862803610368,140.13629182269915,14.925684608454649,137.22911596693575,14.925684608454649,5.246714745702086,9.451315793651455,0.07544121902065744,0.07776906194270779,4.306786996864476,4.724833102243524,15.821001126788017,17.66644931112037
89,ZTF20abqmtsh,ZTF20abqmtsh_20200811_SEDm_0_dereddened.csv,0.02495727,-6.572433820001606,-14153.225806451606,-6391.129032258061,-1.0627744975473812,0.02382829706848938,-1.0621840045760171,0.02382829706848938,0.005788378488707974,0.005815611302541943,8.406834411633241,1.3452096395883475,8.227602376930255,1.3452096395883475,0.7025422240218442,0.7657561716273736,7.691359085175854,1.3812492959339164,0.6962016396300229,0.7499251914144448,0.3698949699463,0.062161274140693286,0.362502241879995,0.062161274140693286,71.03682219220558,6.4701032519209125,69.60193485402124,6.4701032519209125,4.16399629653954,4.26313097331587,0.04452127783604918,0.04452772056279248,1.5467858095229192,1.5716988929931621,7.694225188289758,7.7483238049376
90,ZTF20abquppg,ZTF20abquppg_20200814_P200_0_dereddened.csv,0.05733816,-5.009944270001142,-16411.290322580637,-5262.096774193546,-1.191113460507339,0.012299366112568407,-1.1914417570737421,0.012299366112568407,0.004474361623766006,0.0055723663594162325,35.35251602656935,1.7059360947624396,35.46498197773284,1.7059360947624396,1.0388152818772025,1.3841645766921966,34.075012774014596,2.0787482054317588,1.0332434410957527,0.9055400535736888,0.6013114334842489,0.033211470540290944,0.6022359756109905,0.033211470540290944,115.02497414600377,3.3262361399157774,115.22358170549614,3.3262361399157774,2.8386829863981977,2.617251156484688,0.03308794554967379,0.033502802435589056,2.321375908842243,2.2674207572067426,4.372867246526974,4.232475690964125
91,ZTF20abqvsik,ZTF20abqvsik_20200811_NOT_0_dereddened.csv,0.00245848,-8.0,-15564.51612903225,-9778.225806451606,-1.1396793836502779,176656279464520.06,-1.3157768969324755,176656279464520.06,0.03568484311064276,0.5760625042998915,45205251937.67323,3639617184610865.5,0.49755843280181133,3639617184610865.5,0.191919531719631,1501838265490.1016,0.502484988868224,5.101706064168082e+16,0.16472504046829606,0.46428792672243074,0.05704126016382419,235462735249498.72,0.04104061894628952,235462735249498.72,10.862063517970093,4.760166411908874e+16,7.821602210522542,4.760166411908874e+16,2.1137391411648716,11.354444483605459,176656279464520.1,176656279464520.1,5.101706064168082e+16,5.101706064168082e+16,4.760166411908874e+16,4.760166411908874e+16
92,ZTF20abszyjg,ZTF20abszyjg_20200821_SEDm_0_dereddened.csv,0.04492331,-6.901074319997861,-16552.419354838705,-5685.483870967735,-1.0950690545961215,0.028681136844106267,-1.0962171809093681,0.028681136844106267,0.011213166393696627,0.0076968007502343115,12.619692610720833,2.1383905623735546,12.544735166760479,2.1383905623735546,0.829300923174834,1.021308206976579,12.039105813091325,2.4137826159037026,1.3593308016699939,1.0231327437502495,0.45023098098013975,0.0734372001589154,0.4572211868853735,0.0734372001589154,86.38057960563495,7.787556635293889,87.69932663509007,7.787556635293889,6.719330048792056,3.7929913872699546,0.050795173505649834,0.04969593158092801,2.7702214253029864,2.621668767821907,10.28569077177171,8.66214881030186
93,ZTF20abtctgr,ZTF20abtctgr_20200817_GTC_0_dereddened.csv,0.03991305,-10.529428529996949,-17399.19354838709,-5262.096774193546,-1.1742112347067941,0.0017758389578443876,-1.1724721859053449,0.0017758389578443876,0.004770592666219378,0.001903582283578891,22.893968190997263,0.18876628658408084,23.343126446647823,0.18876628658408084,0.9563587417121645,0.34115088206778665,23.218271874026154,0.21803189054724312,1.0052951454894572,0.31965161233021866,0.5014016842789015,0.004483980322880891,0.5098432159770023,0.004483980322880891,95.96182661992128,0.4804872642008987,97.59390665087449,0.4804872642008987,3.4424508438854384,0.9577262817490672,0.025090398647570143,0.022603311259637094,1.0286672128731789,0.386930301941982,3.4758216041141745,1.071497849653539
94,ZTF20abthxfr,ZTF20abthxfr_20200820_SEDm_0_dereddened.csv,0.04005391,-9.16122113000165,-12600.806451612894,-5120.9677419354775,-1.0096352654391076,0.06532014366971177,-1.0051551753221717,0.06532014366971177,0.012260599092662963,0.004015290437729,6.897598378161639,3.7057241195131314,6.178554255834891,3.7057241195131314,0.3033775784896686,1.3190756770658407,6.013888703575091,4.435319091516358,0.45147024635445215,1.2584050081522138,0.30023283550112756,0.17471380915969512,0.27752902144809033,0.17471380915969512,57.7503741568341,17.777288839476267,53.40921009059548,17.777288839476267,4.83689659396644,10.830950991906718,0.08646084154705531,0.08544343913893206,4.458237412578298,4.610383781000457,18.42356011043717,20.816856099595167
96,ZTF20abxlham,ZTF20abxlham_20200903_SEDm_0_dereddened.csv,0.05473423,-5.0230492600021535,-16552.419354838705,-5120.9677419354775,-1.1650826711518634,0.04903196477919966,-1.1664251482491714,0.04903196477919966,0.00652576890499714,0.013209269328541367,13.079122188214189,3.5920668538380283,13.36641719397247,3.5920668538380283,0.5685161967229592,0.7511268484620678,13.248423538628323,4.589741738127726,0.8926705739610687,0.7131970430751258,0.4310025482752496,0.12542900188619227,0.432148226490777,0.12542900188619227,82.51289410840006,13.274817041960931,82.72628971929589,13.274817041960931,4.41210770440749,5.773190232481422,0.06946432279845852,0.07078009813206962,4.675744857915977,4.644822843226943,13.98883347148104,14.475858971334146
97,ZTF20acduffd,ZTF20acduffd_20200924_SEDm_0_dereddened.csv,0.01954352,-10.206831169998622,-21915.32258064516,-4979.8387096774095,-1.1788575477942969,0.050706375471483454,-1.1764736559602942,0.050706375471483454,0.012337404578248756,0.004846873500778682,39.550900922057,5.107530198900601,39.99987039623173,5.107530198900601,3.460420873972198,1.6318392956517755,38.72447501046385,5.282999868764796,3.918774481182052,1.355654280661998,0.7834767766364393,0.12734249412313772,0.7767489163435812,0.12734249412313772,149.93290385479452,13.713240291604498,148.6529833573577,13.713240291604498,7.525045281260821,5.600398317978312,0.07218570747994563,0.07093749793803784,6.577756536063989,5.4541622768346425,15.642227008335825,14.812745208613402
98,ZTF20acduffd,ZTF20acduffd_20200925_SEDm_0_dereddened.csv,0.01954352,-9.206831169998622,-19092.741935483864,-4979.8387096774095,-1.1339308895288116,0.04360331103294927,-1.1356449914700968,0.04360331103294927,0.0017125980055310215,0.013105176902914328,31.033915375642646,3.959012984893737,32.122160086659534,3.959012984893737,0.8125320177368254,1.0784908638081983,28.585386391155403,4.458875853510112,0.0686952502819177,0.19754358030805844,0.7960364593090457,0.11770595082444098,0.8199452494204165,0.11770595082444098,152.54519071471344,11.816760708507815,157.13993616650168,11.816760708507815,7.511891315819412,2.310645219311023,0.06363693074638344,0.06553014819537484,4.459404995560151,4.463249639347597,14.002297839383978,12.040552934631323
99,ZTF20acduffd,ZTF20acduffd_20200927_SEDm_0_dereddened.csv,0.01954352,-7.2068311699986225,-15987.903225806447,-4556.45161290322,-1.0656110906138538,0.04131576445109668,-1.0690080567703433,0.04131576445109668,0.004641723848707248,0.009347795063590732,18.538103134389885,3.027593164731786,17.92467079374411,3.027593164731786,,1.74706161218732,16.79825040237288,3.1050111926780573,0.23453852897072675,1.622522711728299,0.602708338009466,0.10447172672470006,0.5952009037558141,0.10447172672470006,115.74144551324352,11.21542566239292,114.32614165009,11.21542566239292,1.0378490375995835,5.141116324518817,0.061575689921709795,0.06236004797836513,3.1138565844026544,3.5033804327720626,11.26334334971229,12.337619294292377
100,ZTF20acojxtb,ZTF20acojxtb_20201105_NTT_0_dereddened.csv,0.05588531,-5.643238860000565,-15705.645161290318,-5544.354838709674,-1.109745313312021,0.014077216705910528,-1.1073411499724068,0.014077216705910528,0.012398318449155555,0.0062220076867167545,21.78563668247451,1.463684576660615,22.167221509405863,1.463684576660615,2.200414067256344,1.2625863066243357,21.68630194777201,1.7232413184811928,2.1347083718260045,1.0896110412859379,0.4970171328015563,0.0360424916229218,0.5075363000972837,0.0360424916229218,95.31604506421725,3.816618597254258,97.34947731804823,3.816618597254258,8.328967556144125,3.5089744305841823,0.0387586334937233,0.03539095220701854,2.7434541137888258,2.0388263444965156,9.161783563706823,5.184542320340403
101,ZTF20acoyyly,ZTF20acoyyly_20201110_SEDm_0_dereddened.csv,0.0475529,-5.775197329996445,-19657.25806451612,-5403.225806451606,-1.2462591532489913,0.03117363247018914,-1.2440370143524548,0.03117363247018914,0.008009564124955779,0.0027656459630403577,53.62650798580697,5.534373661633896,54.49539646965121,5.534373661633896,2.5935081079691042,0.8445177586393301,52.64659745759057,5.898723707604287,2.7099202138730467,0.3392164940149994,0.6914902879153273,0.08444641843220918,0.6931250508854774,0.08444641843220918,132.0538029977707,8.421240894666122,132.40733068177906,8.421240894666122,4.66916037884852,1.7068433113716353,0.05218615352691604,0.05129607258074585,6.491425802103156,5.9084692779487895,9.629037171462468,8.592474166127655
103,ZTF20acuosvy,ZTF20acuosvy_20201201_Other_0_dereddened.csv,0.00790221,-6.615248249996512,-11754.032258064508,-10342.741935483864,-0.9751715389284286,0.007095656102187082,-1.1866271467123888,0.007095656102187082,0.45766512762098843,0.5369904622790509,817.8356895613857,2.6924345781307815,5.472790632964025,2.6924345781307815,1.2299608146871204,7087.231935421655,2.8089899118578625,1.4307904402644562,0.9391674995193878,1.1915105530692147,1.9925523778632734,0.01684295771445592,0.03427079783276521,0.01684295771445592,62.925053257141336,1.9193066104516652,6.4887156058302935,1.9193066104516652,2.2069996267051795,244.8250386533715,0.4777201299657424,0.5570373403350919,1.7114896657899095,1.8619502361844857,2.9248222539498467,244.8325617426934
104,ZTF20acuosvy,ZTF20acuosvy_20201202_SEDm_0_dereddened.csv,0.00790221,-5.615248249996512,-14858.870967741932,-3004.032258064508,-0.9692947125456237,0.010105996475468422,-0.96851801919499,0.010105996475468422,0.005146089644691177,0.0007903557579738942,30.67279419898149,1.2916157372894894,30.094894706032548,1.2916157372894894,0.5489677246927022,1.5029616636049918,29.180036901697797,1.2338300534403053,1.0462483133260243,1.5317347724776735,0.5597075977178647,0.027148827035108812,0.5486025328348356,0.027148827035108812,107.8038000386581,2.7525849543229177,105.68171745041036,2.7525849543229177,1.954735468335308,3.4485139611038482,0.03134078495490404,0.03013685488632163,1.6177058242801925,1.9668624796842653,3.3760501598662533,4.412365858662794
105,ZTF20acvziuf,ZTF20acvziuf_20201210_CMO-2.5m_0_dereddened.csv,0.01721191,-12.088886899997306,-16693.548387096766,-7237.903225806447,-1.3537061976569071,0.007735779723373579,-1.3533574724824282,0.007735779723373579,0.005876164696424654,0.0033297951622158475,13.279020987664715,0.6002876389369676,13.43533779331516,0.6002876389369676,1.0658664473307742,0.7372249524099677,13.193368517180078,0.6242058686630103,1.1088843837182907,0.6460267256521137,0.40228714864477033,0.020483853817147103,0.40835557922841115,0.020483853817147103,76.57038990607379,2.082025668352248,77.70867926326491,2.082025668352248,5.361050550410478,3.135595064312533,0.02971450459200392,0.02842198454943215,1.2725005080264749,0.8983226017028263,5.751147180148854,3.763879287519559
106,ZTF20acvziuf,ZTF20acvziuf_20201210_SEDm_0_dereddened.csv,0.01721191,-12.088886899997306,-18669.354838709674,-8366.935483870962,-1.3754910798027256,0.027231365463395534,-1.3712971747976312,0.027231365463395534,0.009591661023485168,0.003970123318418873,21.80980733146734,2.806941386702824,23.133752519892898,2.806941386702824,0.8884164490107075,0.5231158126314674,21.485617857848016,3.276735198640431,2.2495078980308016,0.2903562481425022,0.5304213500697954,0.07278075407647243,0.5432596982397053,0.07278075407647243,100.89436967112653,7.327319535618908,103.33108314559831,7.327319535618908,4.530668843910474,2.932965820291207,0.04887121795474614,0.047519250428826446,3.974579140652769,3.2895744881130957,8.61490404765158,7.8925217820452644
107,ZTF20acyhena,ZTF20acyhena_20201114_SNIFS_0_dereddened.csv,0.0341696,-5.717945290001808,-16552.419354838705,-5685.483870967735,-1.1531361443469388,0.045784919141415664,-1.1517590036836194,0.045784919141415664,0.02901123342059153,0.03521388656142371,13.676889368691848,2.0677959669582657,13.095837850344546,2.0677959669582657,2.096542516781195,3.2444514956992423,12.49508981776725,2.2058124738886327,1.9541399757102371,2.5019086375212667,0.6044361701741703,0.11887994421327515,0.62208301198306,0.11887994421327515,115.78724671264342,12.396862380174,119.30707301321308,12.396862380174,16.75193203933529,12.294613931940033,0.07420249519505553,0.07776051097027092,2.946908840570318,3.3354393264555435,20.840091744603274,17.459660037023266
108,ZTF20acynjjo,ZTF20acynjjo_20201222_CMO-2.5m_0_dereddened.csv,0.01587344,-11.65692890000355,-17116.935483870962,-8366.935483870962,-1.3840376281577034,0.050231084711822555,-1.38664303830751,0.050231084711822555,0.0276237102076939,0.02921509310439013,9.04463853778207,1.7291333549433365,8.794700663251653,1.7291333549433365,1.4016575235873747,2.4098711827141703,7.823411552100941,1.7221255070166315,1.3481922973617293,1.9185946159177976,0.5730741840974694,0.14854306586896485,0.5881716541664832,0.14854306586896485,108.98336614356644,13.486152064971957,111.68332997062407,13.486152064971957,16.626804499937826,7.704273593501042,0.07732565949873535,0.07810923796114072,2.1870845279921824,2.5781236514461545,21.408571306808405,15.531649272471512
109,ZTF20acynjjo,ZTF20acynjjo_20201222_SEDm_0_dereddened.csv,0.01587344,-11.65692890000355,-19374.999999999996,-8790.322580645152,-1.3765962458794139,0.035284825803611544,-1.3824235077951048,0.035284825803611544,0.00580514242161135,0.010302627455376353,10.191227617068124,1.7344984510719652,9.871693549137483,1.7344984510719652,0.9467207489480074,1.0223562423571573,9.525923948051567,1.8716975219878431,0.729446554951799,0.9757091006223153,0.5020082233546538,0.08865437195917997,0.48503906580910816,0.08865437195917997,95.48687077741295,9.489915663074264,92.23706072045297,9.489915663074264,1.966285947106224,6.596414498951674,0.05575917519359755,0.05675817003708816,2.0088165397433584,2.110748649852142,9.691479748627124,11.557300010566573
