,ztfname,File Name,Dereddened File Name,Date of spectrum,MJD of spectrum,t0,Phase of spectrum,t0_err,z,z_err,x1,x1_err,MWEBV,MWEBV_err,SN Type,SN Sub Type
0,ZTF18aabstmw,ZTF18aabstmw_20180307_LCO-FLOYDS_0.ascii,ZTF18aabstmw_20180307_LCO-FLOYDS_0_dereddened.csv,20180307,58184.0,58190.75025068,-6.750250680001045,0.10311272,0.02308648,0.0,-1.52761891,0.1102398,0.01119654,0.0,snia-pec,91bg
1,ZTF18aabstmw,ZTF18aabstmw_20180307_SEDm_0.ascii,ZTF18aabstmw_20180307_SEDm_0_dereddened.csv,20180307,58184.0,58190.75025068,-6.750250680001045,0.10311272,0.02308648,0.0,-1.52761891,0.1102398,0.01119654,0.0,snia-pec,91bg
2,ZTF18aasprui,ZTF18aasprui_20180804_P200_0.ascii,ZTF18aasprui_20180804_P200_0_dereddened.csv,20180804,58334.0,58347.54384172,-13.543841719998454,0.09370311,0.0380507,0.0,-2.01334808,0.04806861,0.01411338,0.0,snia-cosmo,norm/04gs
3,ZTF18aauizcr,ZTF18aauizcr_20180519_APO_0.ascii,ZTF18aauizcr_20180519_APO_0_dereddened.csv,20180519,58257.0,58266.11375089,-9.11375088999921,0.09612877,0.03391415,0.0,-1.82463869,0.11090141,0.01582634,0.0,snia-cosmo,norm
4,ZTF18aauizcr,ZTF18aauizcr_20180519_SEDm_0.ascii,ZTF18aauizcr_20180519_SEDm_0_dereddened.csv,20180519,58257.0,58266.11375089,-9.11375088999921,0.09612877,0.03391415,0.0,-1.82463869,0.11090141,0.01582634,0.0,snia-cosmo,norm
5,ZTF18aaxdrjn,ZTF18aaxdrjn_20180531_SEDm_0.ascii,ZTF18aaxdrjn_20180531_SEDm_0_dereddened.csv,20180531,58269.0,58279.1872702,-10.18727019999642,0.07283962,0.03388557,0.0,-2.03232144,0.09684172,0.0179138,0.0,snia-cosmo,norm
6,ZTF18aaxdrjn,ZTF18aaxdrjn_20180603_LT_0.ascii,ZTF18aaxdrjn_20180603_LT_0_dereddened.csv,20180603,58272.0,58279.1872702,-7.187270199996419,0.07283962,0.03388557,0.0,-2.03232144,0.09684172,0.0179138,0.0,snia-cosmo,norm
7,ZTF18aazgfkq,ZTF18aazgfkq_20180613_Xinglong-2.2m_0.ascii,ZTF18aazgfkq_20180613_Xinglong-2.2m_0_dereddened.csv,20180613,58282.0,58288.5328483,-6.532848299997568,0.26039566,0.02404901,0.0,-2.34836945,0.48441698,0.0237255,0.0,snia-cosmo,norm
8,ZTF18aazixbw,ZTF18aazixbw_20180611_Gemini-N_0.ascii,ZTF18aazixbw_20180611_Gemini-N_0_dereddened.csv,20180611,58280.0,58291.9341777,-11.934177700000873,0.04754866,0.05910831,0.0,-1.58381417,0.05994108,0.00906256,0.0,snia-cosmo,norm
9,ZTF18aazixbw,ZTF18aazixbw_20180611_NOT_0.ascii,ZTF18aazixbw_20180611_NOT_0_dereddened.csv,20180611,58280.0,58291.9341777,-11.934177700000873,0.04754866,0.05910831,0.0,-1.58381417,0.05994108,0.00906256,0.0,snia-cosmo,norm
10,ZTF18abnzocn,ZTF18abnzocn_20180821_P200_0.ascii,ZTF18abnzocn_20180821_P200_0_dereddened.csv,20180821,58351.0,58360.76375565,-9.76375564999762,0.13193687,0.03065788,0.0,-3.13736401,0.21623213,0.04783348,0.0,snia-pec,91bg
11,ZTF18absnqyo,ZTF18absnqyo_20180908_SEDm_0.ascii,ZTF18absnqyo_20180908_SEDm_0_dereddened.csv,20180908,58369.0,58374.10024873,-5.100248729999294,0.18724151,0.03861004,0.0,-3.4849276,0.32502577,0.12872159,0.0,snia-cosmo,norm
12,ZTF18abupgql,ZTF18abupgql_20180913_P200_0.ascii,ZTF18abupgql_20180913_P200_0_dereddened.csv,20180913,58374.0,58384.15270236,-10.152702359999239,0.11953398,0.0462104,0.0,-2.14640831,0.19063955,0.02688623,0.0,snia-cosmo,norm
13,ZTF18abvejbm,ZTF18abvejbm_20180912_P200_0.ascii,ZTF18abvejbm_20180912_P200_0_dereddened.csv,20180912,58373.0,58385.70523488,-12.705234879998898,0.17729582,0.04416009,0.0,-1.91214944,0.27703739,0.02633997,0.0,snia-cosmo,norm
14,ZTF18abvejbm,ZTF18abvejbm_20180914_SEDm_0.ascii,ZTF18abvejbm_20180914_SEDm_0_dereddened.csv,20180914,58375.0,58385.70523488,-10.705234879998898,0.17729582,0.04416009,0.0,-1.91214944,0.27703739,0.02633997,0.0,snia-cosmo,norm
15,ZTF18abvejbm,ZTF18abvejbm_20180915_NTT_0.ascii,ZTF18abvejbm_20180915_NTT_0_dereddened.csv,20180915,58376.0,58385.70523488,-9.705234879998898,0.17729582,0.04416009,0.0,-1.91214944,0.27703739,0.02633997,0.0,snia-cosmo,norm
16,ZTF18acbvgqw,ZTF18acbvgqw_20181104_SEDm_0.ascii,ZTF18acbvgqw_20181104_SEDm_0_dereddened.csv,20181104,58426.0,58438.61427405,-12.614274049999949,0.48202812,0.00884722,0.0,-2.22734769,0.57106675,0.03175576,0.0,snia-cosmo,norm
17,ZTF18acbvgqw,ZTF18acbvgqw_20181109_Lick-3m_0.ascii,ZTF18acbvgqw_20181109_Lick-3m_0_dereddened.csv,20181109,58431.0,58438.61427405,-7.614274049999949,0.48202812,0.00884722,0.0,-2.22734769,0.57106675,0.03175576,0.0,snia-cosmo,norm
18,ZTF18acehilk,ZTF18acehilk_20181108_SEDm_0.ascii,ZTF18acehilk_20181108_SEDm_0_dereddened.csv,20181108,58430.0,58439.70535811,-9.705358109997178,0.1981074,0.03503777,0.0,-2.07620432,0.22173021,0.21528198,0.0,snia-cosmo,norm
19,ZTF18achbllm,ZTF18achbllm_20181113_SEDm_0.ascii,ZTF18achbllm_20181113_SEDm_0_dereddened.csv,20181113,58435.0,58443.46606002,-8.466060020000441,0.19268266,0.04710716,0.0,-1.95830363,0.24998255,0.10315912,0.0,snia-cosmo,norm
20,ZTF18achbllm,ZTF18achbllm_20181115_SEDm_0.ascii,ZTF18achbllm_20181115_SEDm_0_dereddened.csv,20181115,58437.0,58443.46606002,-6.466060020000441,0.19268266,0.04710716,0.0,-1.95830363,0.24998255,0.10315912,0.0,snia-cosmo,norm
21,ZTF18acsyzca,ZTF18acsyzca_20181206_LCO-FLOYDS_0.ascii,ZTF18acsyzca_20181206_LCO-FLOYDS_0_dereddened.csv,20181206,58458.0,58467.98998135,-9.989981350001472,0.22823917,0.01424367,0.0,-1.50921723,0.11464515,0.03808374,0.0,snia-cosmo,norm
22,ZTF18acvrfvv,ZTF18acvrfvv_20181219_SEDm_0.ascii,ZTF18acvrfvv_20181219_SEDm_0_dereddened.csv,20181219,58471.0,58477.46425583,-6.464255829996546,0.1810773,0.04133705,0.0,-1.57874636,0.20595587,0.25483666,0.0,snia-cosmo,norm
23,ZTF19aaafica,ZTF19aaafica_20190102_LT_0.ascii,ZTF19aaafica_20190102_LT_0_dereddened.csv,20190102,58485.0,58490.08131122,-5.081311219997588,0.15876993,0.02306328,0.0,-2.47419221,0.14832269,0.00861899,0.0,snia-pec,91bg
24,ZTF19aaddzpk,ZTF19aaddzpk_20190114_NTT_0.ascii,ZTF19aaddzpk_20190114_NTT_0_dereddened.csv,20190114,58497.0,58504.89557887,-7.895578869996825,0.30292153,0.05369276,0.0,-1.93872585,0.31977071,0.03923318,0.0,snia-cosmo,norm
25,ZTF19aakizps,ZTF19aakizps_20190209_NTT_0.ascii,ZTF19aakizps_20190209_NTT_0_dereddened.csv,20190209,58523.0,58529.79009948,-6.790099480000208,0.8694632,0.05514175,0.0,-2.52323559,0.68602372,0.05108859,0.0,snia-cosmo,norm
26,ZTF19aaklqod,ZTF19aaklqod_20200214_SEDm_0.ascii,ZTF19aaklqod_20200214_SEDm_0_dereddened.csv,20200214,58893.0,58904.3284973,-11.328497299997252,0.07913235,0.02995515,0.0,-1.74795497,0.12022282,0.02507201,0.0,snia-cosmo,91t
27,ZTF19aaklqod,ZTF19aaklqod_20200219_Lick-3m_0.ascii,ZTF19aaklqod_20200219_Lick-3m_0_dereddened.csv,20200219,58898.0,58904.3284973,-6.328497299997252,0.07913235,0.02995515,0.0,-1.74795497,0.12022282,0.02507201,0.0,snia-cosmo,91t
28,ZTF19aanhgqg,ZTF19aanhgqg_20190325_SEDm_0.ascii,ZTF19aanhgqg_20190325_SEDm_0_dereddened.csv,20190325,58567.0,58575.14601227,-8.146012270000938,0.13607902,0.02786203,0.0,-2.23006233,0.12380197,0.01135257,0.0,snia-pec,91bg
29,ZTF19aanhgqg,ZTF19aanhgqg_20190326_SEDm_0.ascii,ZTF19aanhgqg_20190326_SEDm_0_dereddened.csv,20190326,58568.0,58575.14601227,-7.146012270000938,0.13607902,0.02786203,0.0,-2.23006233,0.12380197,0.01135257,0.0,snia-pec,91bg
30,ZTF19aauhwbp,ZTF19aauhwbp_20190513_SEDm_0.ascii,ZTF19aauhwbp_20190513_SEDm_0_dereddened.csv,20190513,58616.0,58624.05200909,-8.052009090002684,0.13975289,0.03951246,0.0,-2.64335437,0.25654179,0.01934329,0.0,snia-pec,91bg
31,ZTF19aavrswr,ZTF19aavrswr_20190603_SEDm_0.ascii,ZTF19aavrswr_20190603_SEDm_0_dereddened.csv,20190603,58637.0,58645.49597073,-8.495970730000408,0.12526241,0.03276714,0.0,-1.98473053,0.13266287,0.03130376,0.0,snia-cosmo,norm
32,ZTF19abbvzgr,ZTF19abbvzgr_20190701_P200_0.ascii,ZTF19abbvzgr_20190701_P200_0_dereddened.csv,20190701,58665.0,58674.38836446,-9.388364459999138,0.04410901,0.04959426,0.0,-1.98455055,0.05001551,0.02967771,0.0,snia-cosmo,norm
33,ZTF19abbytxa,ZTF19abbytxa_20190629_SNIFS_0.ascii,ZTF19abbytxa_20190629_SNIFS_0_dereddened.csv,20190629,58663.0,58668.61972232,-5.61972231999971,4.55612377,0.05063173,0.0,-1.52826822,5.41064031,0.02431713,0.0,snia-cosmo,norm
34,ZTF19abdrwsz,ZTF19abdrwsz_20190711_SEDm_0.ascii,ZTF19abdrwsz_20190711_SEDm_0_dereddened.csv,20190711,58675.0,58682.64911869,-7.649118690002069,0.15908394,0.02615929,0.0,-1.7771231,0.09023459,0.0553984,0.0,snia-cosmo,norm
35,ZTF19abetjcx,ZTF19abetjcx_20190708_SEDm_0.ascii,ZTF19abetjcx_20190708_SEDm_0_dereddened.csv,20190708,58672.0,58677.89895346,-5.8989534599968465,0.22114238,0.05713162,0.0,-1.96762562,0.30709869,0.07073822,0.0,snia-cosmo,norm
36,ZTF19abfvhlx,ZTF19abfvhlx_20190715_SEDm_0.ascii,ZTF19abfvhlx_20190715_SEDm_0_dereddened.csv,20190715,58679.0,58686.1962129,-7.196212900002138,0.16430689,0.05646408,0.0,-1.53672288,0.17781114,0.03595405,0.0,snia-cosmo,norm
37,ZTF19abhpvfq,ZTF19abhpvfq_20190724_SEDm_0.ascii,ZTF19abhpvfq_20190724_SEDm_0_dereddened.csv,20190724,58688.0,58693.02303676,-5.02303676000156,0.2502421,0.03356655,0.0,-2.04846228,0.37020109,0.04093061,0.0,snia-cosmo,norm
38,ZTF19abhxllw,ZTF19abhxllw_20190723_Ekar_0.ascii,ZTF19abhxllw_20190723_Ekar_0_dereddened.csv,20190723,58687.0,58692.77616342,-5.776163419999648,0.2382322,0.03430746,0.0,-2.16169891,0.17814069,0.08793637,0.0,snia-cosmo,norm
39,ZTF19abkgbul,ZTF19abkgbul_20190801_SEDm_0.ascii,ZTF19abkgbul_20190801_SEDm_0_dereddened.csv,20190801,58696.0,58701.52983966,-5.5298396599973785,0.20019959,0.03819309,0.0,-2.05708432,0.17052965,0.36895283,0.0,snia-cosmo,norm
40,ZTF19abpbmli,ZTF19abpbmli_20190816_SEDm_0.ascii,ZTF19abpbmli_20190816_SEDm_0_dereddened.csv,20190816,58711.0,58716.03640299,-5.036402990001079,0.2192958,0.0370363,0.0,-2.67583585,0.27737972,0.03681948,0.0,snia-cosmo,norm/04gs
41,ZTF19abrogbl,ZTF19abrogbl_20190828_SEDm_0.ascii,ZTF19abrogbl_20190828_SEDm_0_dereddened.csv,20190828,58723.0,58730.25193413,-7.251934129999427,0.08778997,0.035788,0.0,-1.63889294,0.0854943,0.15507994,0.0,snia-cosmo,norm
42,ZTF19abxfhrq,ZTF19abxfhrq_20190910_SEDm_0.ascii,ZTF19abxfhrq_20190910_SEDm_0_dereddened.csv,20190910,58736.0,58744.38395478,-8.383954780001659,0.07976398,0.03311112,0.0,-2.24650653,0.10288981,0.04017505,0.0,snia-cosmo,norm
43,ZTF19abyjjxp,ZTF19abyjjxp_20190914_SEDm_0.ascii,ZTF19abyjjxp_20190914_SEDm_0_dereddened.csv,20190914,58740.0,58746.13751384,-6.137513840003521,0.14920993,0.02441079,0.0,-1.78267821,0.09953009,0.12583127,0.0,snia-cosmo,norm
44,ZTF19abzlsbl,ZTF19abzlsbl_20190921_SEDm_0.ascii,ZTF19abzlsbl_20190921_SEDm_0_dereddened.csv,20190921,58747.0,58752.63650133,-5.63650133000192,0.111331,0.03402776,0.0,-2.46548843,0.15691197,0.06751644,0.0,snia-pec,91bg
45,ZTF19abzmnuk,ZTF19abzmnuk_20190924_SEDm_0.ascii,ZTF19abzmnuk_20190924_SEDm_0_dereddened.csv,20190924,58750.0,58756.4928992,-6.4928991999986465,0.14890231,0.03953882,0.0,-1.77781418,0.18904023,0.03700697,0.0,snia,
46,ZTF19acjwqvo,ZTF19acjwqvo_20191104_SEDm_0.ascii,ZTF19acjwqvo_20191104_SEDm_0_dereddened.csv,20191104,58791.0,58798.88650852,-7.886508520001371,0.11672123,0.052473,0.0,-1.56984893,0.17662668,0.13727106,0.0,snia-cosmo,norm
47,ZTF19acjwqvo,ZTF19acjwqvo_20191105_SEDm_0.ascii,ZTF19acjwqvo_20191105_SEDm_0_dereddened.csv,20191105,58792.0,58798.88650852,-6.886508520001371,0.11672123,0.052473,0.0,-1.56984893,0.17662668,0.13727106,0.0,snia-cosmo,norm
48,ZTF19aclofmz,ZTF19aclofmz_20191105_SEDm_0.ascii,ZTF19aclofmz_20191105_SEDm_0_dereddened.csv,20191105,58792.0,58800.85388111,-8.853881110000657,0.07265205,0.030792,0.0,-1.97543438,0.09840623,0.07004175,0.0,snia-cosmo,norm
49,ZTF19acnkeji,ZTF19acnkeji_20191107_SEDm_0.ascii,ZTF19acnkeji_20191107_SEDm_0_dereddened.csv,20191107,58794.0,58802.4637625,-8.463762500003213,0.0885026,0.03527515,0.0,-1.81447229,0.13884477,0.24035061,0.0,snia-cosmo,norm
50,ZTF19acoxgqw,ZTF19acoxgqw_20191109_SEDm_0.ascii,ZTF19acoxgqw_20191109_SEDm_0_dereddened.csv,20191109,58796.0,58803.69077457,-7.69077457000094,0.33668629,0.0322677,0.0,-4.29010167,0.76259183,0.35127311,0.0,snia-cosmo,norm
51,ZTF19acqehbt,ZTF19acqehbt_20191112_SEDm_0.ascii,ZTF19acqehbt_20191112_SEDm_0_dereddened.csv,20191112,58799.0,58810.00000066,-11.000000660002115,0.48671145,0.05522577,0.0,-1.98351964,0.19637407,0.026113,0.0,snia-cosmo,norm
52,ZTF19acynije,ZTF19acynije_20191220_LT_0.ascii,ZTF19acynije_20191220_LT_0_dereddened.csv,20191220,58837.0,58844.47500087,-7.475000869999349,0.12739076,0.01908516,0.0,-2.19147751,0.10872104,0.05312443,0.0,snia,91bg/86G
53,ZTF19aczeomw,ZTF19aczeomw_20191220_NTT_0.ascii,ZTF19aczeomw_20191220_NTT_0_dereddened.csv,20191220,58837.0,58845.60146915,-8.601469150002231,0.08703715,0.03583326,0.0,-2.26571246,0.14076484,0.286042,0.0,snia-cosmo,norm
54,ZTF19adcdgca,ZTF19adcdgca_20200102_SEDm_0.ascii,ZTF19adcdgca_20200102_SEDm_0_dereddened.csv,20200102,58850.0,58855.93211756,-5.932117559998005,0.09468677,0.04677729,0.0,-1.91132274,0.10129314,0.01595987,0.0,snia,
55,ZTF20aaaxacu,ZTF20aaaxacu_20200102_LT_0.ascii,ZTF20aaaxacu_20200102_LT_0_dereddened.csv,20200102,58850.0,58860.70037485,-10.700374849999207,0.16818415,0.02208516,0.0,-2.12491706,0.10516627,0.0334154,0.0,snia-cosmo,norm
56,ZTF20aacevxq,ZTF20aacevxq_20200107_SEDm_0.ascii,ZTF20aacevxq_20200107_SEDm_0_dereddened.csv,20200107,58855.0,58864.30983641,-9.309836410000571,0.12663519,0.02082774,0.0,-2.15486007,0.1189481,0.17697899,0.0,snia-cosmo,norm
57,ZTF20aahqbib,ZTF20aahqbib_20200128_SEDm_0.ascii,ZTF20aahqbib_20200128_SEDm_0_dereddened.csv,20200128,58876.0,58882.43471836,-6.434718359996623,0.15995462,0.05558274,0.0,-2.074461,0.18099195,0.02720697,0.0,snia-cosmo,norm
58,ZTF20aakzezp,ZTF20aakzezp_20200104_NTT_0.ascii,ZTF20aakzezp_20200104_NTT_0_dereddened.csv,20200104,58852.0,58867.72677301,-15.726773009999306,9.74182231,0.04783474,0.0,-3.93399547,5.31660239,0.0618834,0.0,snia-cosmo,norm
59,ZTF20aamkyyx,ZTF20aamkyyx_20200214_SEDm_0.ascii,ZTF20aamkyyx_20200214_SEDm_0_dereddened.csv,20200214,58893.0,58898.00168934,-5.0016893400024856,0.152743,0.04968179,0.0,-2.12772278,0.17731078,0.01780658,0.0,snia-cosmo,norm/04gs
60,ZTF20aammhli,ZTF20aammhli_20200211_SEDm_0.ascii,ZTF20aammhli_20200211_SEDm_0_dereddened.csv,20200211,58890.0,58899.72151786,-9.721517860001768,0.11276399,0.02427873,0.0,-2.17205702,0.16506776,0.03430613,0.0,snia-pec,91bg
61,ZTF20aammhli,ZTF20aammhli_20200213_Lick-3m_0.ascii,ZTF20aammhli_20200213_Lick-3m_0_dereddened.csv,20200213,58892.0,58899.72151786,-7.721517860001768,0.11276399,0.02427873,0.0,-2.17205702,0.16506776,0.03430613,0.0,snia-pec,91bg
62,ZTF20aaodkvl,ZTF20aaodkvl_20200217_SEDm_0.ascii,ZTF20aaodkvl_20200217_SEDm_0_dereddened.csv,20200217,58896.0,58905.55011068,-9.550110680000216,0.19382668,0.0251175,0.0,-1.93277612,0.23073378,0.0279359,0.0,snia-cosmo,norm
63,ZTF20aapcmur,ZTF20aapcmur_20200225_SEDm_0.ascii,ZTF20aapcmur_20200225_SEDm_0_dereddened.csv,20200225,58904.0,58910.19259237,-6.192592369996419,0.22628809,0.04221969,0.0,-1.69204812,0.2502076,0.04164396,0.0,snia-cosmo,norm
64,ZTF20aatvzmm,ZTF20aatvzmm_20200331_SEDm_0.ascii,ZTF20aatvzmm_20200331_SEDm_0_dereddened.csv,20200331,58939.0,58945.79553053,-6.795530529998359,0.15658782,0.03151248,0.0,-2.37421032,0.16333066,0.04247155,0.0,snia-cosmo,norm
65,ZTF20aaumsrr,ZTF20aaumsrr_20200409_Other_0.ascii,ZTF20aaumsrr_20200409_Other_0_dereddened.csv,20200409,58948.0,58954.54665382,-6.546653819998028,0.14728886,0.00733461,0.0,-1.92381512,0.06361995,0.01628323,0.0,snia-cosmo,norm
66,ZTF20aaurhzc,ZTF20aaurhzc_20200417_SEDm_0.ascii,ZTF20aaurhzc_20200417_SEDm_0_dereddened.csv,20200417,58956.0,58962.38850293,-6.388502929999959,0.27599155,0.03326635,0.0,-2.95159247,0.19983495,0.05709071,0.0,snia-cosmo,norm
67,ZTF20aavnnat,ZTF20aavnnat_20200424_SEDm_0.ascii,ZTF20aavnnat_20200424_SEDm_0_dereddened.csv,20200424,58963.0,58974.27078621,-11.270786209999642,0.04018472,0.03219172,0.0,-2.12960522,0.03705243,0.01037317,0.0,snia-cosmo,norm
68,ZTF20aavrloz,ZTF20aavrloz_20200425_SEDm_0.ascii,ZTF20aavrloz_20200425_SEDm_0_dereddened.csv,20200425,58964.0,58974.38350267,-10.383502670003509,0.03949405,0.04337762,0.0,-1.842232,0.04685857,0.01393334,0.0,snia-cosmo,norm
69,ZTF20aavxraf,ZTF20aavxraf_20200310_LCO-FLOYDS_0.ascii,ZTF20aavxraf_20200310_LCO-FLOYDS_0_dereddened.csv,20200310,58918.0,58933.29999493,-15.29999492999923,5.86753671,0.02439438,0.0,-1.91270793,1.42088294,0.01211844,0.0,snia-cosmo,norm
70,ZTF20aaymbjk,ZTF20aaymbjk_20200509_SEDm_0.ascii,ZTF20aaymbjk_20200509_SEDm_0_dereddened.csv,20200509,58978.0,58984.81150148,-6.811501479998697,0.18382599,0.02766247,0.0,-2.11236845,0.14157427,0.11265178,0.0,snia-cosmo,norm
71,ZTF20aazgtmp,ZTF20aazgtmp_20200516_SEDm_0.ascii,ZTF20aazgtmp_20200516_SEDm_0_dereddened.csv,20200516,58985.0,58993.14482757,-8.144827570002235,0.15940629,0.02370821,0.0,-1.52470518,0.11463172,0.02646858,0.0,snia-cosmo,norm
72,ZTF20aazhzna,ZTF20aazhzna_20200516_SEDm_0.ascii,ZTF20aazhzna_20200516_SEDm_0_dereddened.csv,20200516,58985.0,58991.90999909,-6.909999089999474,0.1196097,0.03656528,0.0,-2.60114253,0.16637124,0.01841972,0.0,snia-cosmo,norm
73,ZTF20aazkxcw,ZTF20aazkxcw_20200512_SEDm_1.ascii,ZTF20aazkxcw_20200512_SEDm_1_dereddened.csv,20200512,58981.0,58989.92959634,-8.92959633999999,0.1429669,0.03527774,0.0,-1.73851466,0.10502449,0.04601205,0.0,snia-cosmo,norm
74,ZTF20abaunmw,ZTF20abaunmw_20200525_LCO-FLOYDS_0.ascii,ZTF20abaunmw_20200525_LCO-FLOYDS_0_dereddened.csv,20200525,58994.0,58999.36476736,-5.36476735999895,0.15858124,0.00869363,0.0,-2.53413659,0.16142378,0.01189733,0.0,snia-pec,iax
75,ZTF20abavxpk,ZTF20abavxpk_20200525_SEDm_0.ascii,ZTF20abavxpk_20200525_SEDm_0_dereddened.csv,20200525,58994.0,58999.75054328,-5.750543280002603,0.15339948,0.03018042,0.0,-1.8341825,0.16620693,0.04447752,0.0,snia-cosmo,norm
76,ZTF20abazekd,ZTF20abazekd_20200523_SEDm_0.ascii,ZTF20abazekd_20200523_SEDm_0_dereddened.csv,20200523,58992.0,58998.49292183,-6.49292183000216,0.16254224,0.05443432,0.0,-1.758141,0.11677315,0.09440713,0.0,snia-cosmo,norm
77,ZTF20abeeahl,ZTF20abeeahl_20200609_SEDm_0.ascii,ZTF20abeeahl_20200609_SEDm_0_dereddened.csv,20200609,59009.0,59016.60857376,-7.608573760000581,0.07144778,0.04888182,0.0,-1.73061485,0.05690926,0.03075748,0.0,snia-cosmo,norm
78,ZTF20abeeytg,ZTF20abeeytg_20200613_SEDm_0.ascii,ZTF20abeeytg_20200613_SEDm_0_dereddened.csv,20200613,59013.0,59020.35767431,-7.357674309998401,0.13900014,0.0427352,0.0,-1.60017406,0.1226832,0.01206656,0.0,snia-cosmo,norm
79,ZTF20abfhway,ZTF20abfhway_20200619_SEDm_0.ascii,ZTF20abfhway_20200619_SEDm_0_dereddened.csv,20200619,59019.0,59024.9266484,-5.926648400003614,0.17972876,0.04693154,0.0,-2.57151703,0.19320687,0.03613885,0.0,snia-cosmo,norm
80,ZTF20abfsemq,ZTF20abfsemq_20200622_SEDm_0.ascii,ZTF20abfsemq_20200622_SEDm_0_dereddened.csv,20200622,59022.0,59028.09623404,-6.096234040000127,0.19647344,0.04745839,0.0,-2.19527658,0.11821326,0.03475584,0.0,snia-cosmo,norm
81,ZTF20abijfqq,ZTF20abijfqq_20200625_LT_0.ascii,ZTF20abijfqq_20200625_LT_0_dereddened.csv,20200625,59025.0,59044.85977498,-19.85977498000284,0.20276874,0.0028543,0.0,-1.5524261,0.24495477,0.02622655,0.0,snia-cosmo,norm
82,ZTF20abjapav,ZTF20abjapav_20200630_LT_0.ascii,ZTF20abjapav_20200630_LT_0_dereddened.csv,20200630,59030.0,59035.4466533,-5.446653300001344,0.24703694,0.03373047,0.0,-2.65374668,0.24134385,0.033774,0.0,snia-pec,91bg
83,ZTF20abjfufv,ZTF20abjfufv_20200917_Keck_0.ascii,ZTF20abjfufv_20200917_Keck_0_dereddened.csv,20200917,59109.0,59114.4941136,-5.494113599997945,0.07728298,0.03129,0.0,-1.885684,0.08423078,0.06301471,0.0,snia-cosmo,norm
84,ZTF20abjfufv,ZTF20abjfufv_20200917_SEDm_0.ascii,ZTF20abjfufv_20200917_SEDm_0_dereddened.csv,20200917,59109.0,59114.4941136,-5.494113599997945,0.07728298,0.03129,0.0,-1.885684,0.08423078,0.06301471,0.0,snia-cosmo,norm
85,ZTF20ableiem,ZTF20ableiem_20200717_SEDm_0.ascii,ZTF20ableiem_20200717_SEDm_0_dereddened.csv,20200717,59047.0,59054.33892175,-7.338921750000736,0.07528125,0.01560413,0.0,-1.62835196,0.05929531,0.04926487,0.0,snia-cosmo,norm
86,ZTF20abmoans,ZTF20abmoans_20200722_SEDm_0.ascii,ZTF20abmoans_20200722_SEDm_0_dereddened.csv,20200722,59052.0,59059.56180845,-7.56180845000199,0.09190691,0.03108456,0.0,-2.58629398,0.16835014,0.01484375,0.0,snia-cosmo,norm
87,ZTF20abpsbyg,ZTF20abpsbyg_20200804_SEDm_0.ascii,ZTF20abpsbyg_20200804_SEDm_0_dereddened.csv,20200804,59065.0,59070.99332173,-5.99332172999857,0.11670465,0.0522197,0.0,-1.55887896,0.13107557,0.06806557,0.0,snia-cosmo,norm
88,ZTF20abqbzuv,ZTF20abqbzuv_20200804_SEDm_0.ascii,ZTF20abqbzuv_20200804_SEDm_0_dereddened.csv,20200804,59065.0,59075.2213317,-10.2213316999987,0.09453347,0.02657839,0.0,-2.30667031,0.09331467,0.02676835,0.0,snia-cosmo,norm/04gs
89,ZTF20abqmtsh,ZTF20abqmtsh_20200811_SEDm_0.ascii,ZTF20abqmtsh_20200811_SEDm_0_dereddened.csv,20200811,59072.0,59078.57243382,-6.572433820001606,0.08909916,0.02495727,0.0,-2.25725552,0.14485702,0.1580694,0.0,snia-cosmo,norm
90,ZTF20abquppg,ZTF20abquppg_20200814_P200_0.ascii,ZTF20abquppg_20200814_P200_0_dereddened.csv,20200814,59075.0,59080.00994427,-5.009944270001142,0.07132528,0.05733816,0.0,-1.78038125,0.09077266,0.06859411,0.0,snia-cosmo,norm
91,ZTF20abqvsik,ZTF20abqvsik_20200811_NOT_0.ascii,ZTF20abqvsik_20200811_NOT_0_dereddened.csv,20200811,59072.0,59080.0,-8.0,0.34512759,0.00245848,0.0,-5.0,0.4741034,0.02539653,0.0,snia-cosmo,norm
92,ZTF20abszyjg,ZTF20abszyjg_20200821_SEDm_0.ascii,ZTF20abszyjg_20200821_SEDm_0_dereddened.csv,20200821,59082.0,59088.90107432,-6.901074319997861,0.13238818,0.04492331,0.0,-1.91419779,0.09370206,0.0247567,0.0,snia-cosmo,norm
93,ZTF20abtctgr,ZTF20abtctgr_20200817_GTC_0.ascii,ZTF20abtctgr_20200817_GTC_0_dereddened.csv,20200817,59078.0,59088.52942853,-10.529428529996949,0.07248684,0.03991305,0.0,-2.51854067,0.07356555,0.10784501,0.0,snia-pec,91bg
94,ZTF20abthxfr,ZTF20abthxfr_20200820_SEDm_0.ascii,ZTF20abthxfr_20200820_SEDm_0_dereddened.csv,20200820,59081.0,59090.16122113,-9.16122113000165,0.07138332,0.04005391,0.0,-1.66316025,0.07991637,0.15928144,0.0,snia-cosmo,norm
95,ZTF20abucjsa,ZTF20abucjsa_20200821_SEDm_0.ascii,ZTF20abucjsa_20200821_SEDm_0_dereddened.csv,20200821,59082.0,59089.44195368,-7.441953679997823,0.09402672,0.044782,0.0,-2.30374428,0.12252028,0.17458244,0.0,snia-cosmo,norm
96,ZTF20abxlham,ZTF20abxlham_20200903_SEDm_0.ascii,ZTF20abxlham_20200903_SEDm_0_dereddened.csv,20200903,59095.0,59100.02304926,-5.0230492600021535,0.24324007,0.05473423,0.0,-1.6623729,0.25089383,0.02941632,0.0,snia-cosmo,norm
97,ZTF20acduffd,ZTF20acduffd_20200924_SEDm_0.ascii,ZTF20acduffd_20200924_SEDm_0_dereddened.csv,20200924,59116.0,59126.20683117,-10.206831169998622,0.22643607,0.01954352,0.0,-3.69897883,0.2495135,0.07182236,0.0,snia-pec,91bg
98,ZTF20acduffd,ZTF20acduffd_20200925_SEDm_0.ascii,ZTF20acduffd_20200925_SEDm_0_dereddened.csv,20200925,59117.0,59126.20683117,-9.206831169998622,0.22643607,0.01954352,0.0,-3.69897883,0.2495135,0.07182236,0.0,snia-pec,91bg
99,ZTF20acduffd,ZTF20acduffd_20200927_SEDm_0.ascii,ZTF20acduffd_20200927_SEDm_0_dereddened.csv,20200927,59119.0,59126.20683117,-7.2068311699986225,0.22643607,0.01954352,0.0,-3.69897883,0.2495135,0.07182236,0.0,snia-pec,91bg
100,ZTF20acojxtb,ZTF20acojxtb_20201105_NTT_0.ascii,ZTF20acojxtb_20201105_NTT_0_dereddened.csv,20201105,59158.0,59163.64323886,-5.643238860000565,0.1348723,0.05588531,0.0,-1.80955939,0.10446581,0.04538086,0.0,snia-cosmo,norm
101,ZTF20acoyyly,ZTF20acoyyly_20201110_SEDm_0.ascii,ZTF20acoyyly_20201110_SEDm_0_dereddened.csv,20201110,59163.0,59168.77519733,-5.775197329996445,0.16426862,0.0475529,0.0,-2.32477057,0.12355191,0.12087611,0.0,snia-cosmo,norm
102,ZTF20acquetr,ZTF20acquetr_20201116_SEDm_0.ascii,ZTF20acquetr_20201116_SEDm_0_dereddened.csv,20201116,59169.0,59175.44388972,-6.443889720001607,0.1534695,0.03109934,0.0,-2.35080304,0.21425015,0.00891502,0.0,snia-pec,91bg
103,ZTF20acuosvy,ZTF20acuosvy_20201201_Other_0.ascii,ZTF20acuosvy_20201201_Other_0_dereddened.csv,20201201,59184.0,59190.61524825,-6.615248249996512,0.20220909,0.00790221,0.0,-2.40154752,0.14941828,0.02176833,0.0,snia-pec,91bg
104,ZTF20acuosvy,ZTF20acuosvy_20201202_SEDm_0.ascii,ZTF20acuosvy_20201202_SEDm_0_dereddened.csv,20201202,59185.0,59190.61524825,-5.615248249996512,0.20220909,0.00790221,0.0,-2.40154752,0.14941828,0.02176833,0.0,snia-pec,91bg
105,ZTF20acvziuf,ZTF20acvziuf_20201210_CMO-2.5m_0.ascii,ZTF20acvziuf_20201210_CMO-2.5m_0_dereddened.csv,20201210,59193.0,59205.0888869,-12.088886899997306,0.08382206,0.01721191,0.0,-2.52230732,0.07050335,0.03990811,0.0,snia-cosmo,norm
106,ZTF20acvziuf,ZTF20acvziuf_20201210_SEDm_0.ascii,ZTF20acvziuf_20201210_SEDm_0_dereddened.csv,20201210,59193.0,59205.0888869,-12.088886899997306,0.08382206,0.01721191,0.0,-2.52230732,0.07050335,0.03990811,0.0,snia-cosmo,norm
107,ZTF20acyhena,ZTF20acyhena_20201114_SNIFS_0.ascii,ZTF20acyhena_20201114_SNIFS_0_dereddened.csv,20201114,59167.0,59172.71794529,-5.717945290001808,5.59100989,0.0341696,0.0,-2.10755369,2.83502926,0.02442033,0.0,snia-cosmo,norm
108,ZTF20acynjjo,ZTF20acynjjo_20201222_CMO-2.5m_0.ascii,ZTF20acynjjo_20201222_CMO-2.5m_0_dereddened.csv,20201222,59205.0,59216.6569289,-11.65692890000355,0.4336114,0.01587344,0.0,-2.15634381,0.79614443,0.11383262,0.0,snia-cosmo,norm
109,ZTF20acynjjo,ZTF20acynjjo_20201222_SEDm_0.ascii,ZTF20acynjjo_20201222_SEDm_0_dereddened.csv,20201222,59205.0,59216.6569289,-11.65692890000355,0.4336114,0.01587344,0.0,-2.15634381,0.79614443,0.11383262,0.0,snia-cosmo,norm
110,ZTF20acquetr,ZTF20acquetr_20201116_P60_v1.ascii,ZTF20acquetr_20201116_P60_v1_dereddened.csv,20201116,59169.0,59175.44389,-6.44389,0.15347,0.031099,0.0,-2.350803,0.21425,0.008915,0.0,snia-pec,91bg
