filename,ztfname,phase,V_Sil_5972_median,pEW_Sil_5972_median_trap,FWHMA_Sil_5972_median,V_sil_5972_err_final_low,V_sil_5972_err_final_high,pEW_err_trap_low_5972_final,pEW_err_trap_high_5972_final,FWHMA_err_low_5972_final,FWHMA_err_high_5972_final,est_pEW_5972,New_Type
ZTF18aabtiph_20180304_MDM-2.4_0.ascii,ZTF18aabtiph,2.24881916276584,-1.155,9.569,107.947,0.02,0.021,0.271,0.222,1.987,1.551,,normal
ZTF18aagstdc_20180410_MDM-2.4_0.ascii,ZTF18aagstdc,3.38491569437191,-1.198,18.688,111.333,0.063,0.063,0.284,0.309,1.22,1.185,,normal
ZTF18aagtcxj_20180410_P200_0.ascii,ZTF18aagtcxj,3.9227337702935,-1.098,18.131,97.47,0.021,0.021,0.666,0.717,2.884,3.886,,normal
ZTF18aahfbqp_20201224_LCO-FLOYDS_0.ascii,ZTF18aahfbqp,-1.76397616353219,,,,,,,,,,2.83,SN Ia
ZTF18aahfgsk_20180410_APO_0.ascii,ZTF18aahfgsk,2.34694140547156,-1.146,15.305,101.099,0.025,0.022,1.353,1.786,6.734,9.447,,normal
ZTF18aahfzea_20180408_NTT_0.ascii,ZTF18aahfzea,-4.23503179648378,-1.101,4.923,47.583,0.021,0.021,0.283,0.529,2.431,4.106,,normal
ZTF18aahheaj_20180421_Ekar_0.ascii,ZTF18aahheaj,2.7129398486026,-0.949,13.679,85.003,0.065,0.022,1.734,4.896,12.336,29.91,,normal
ZTF18aahjafd_20180421_APO_0.ascii,ZTF18aahjafd,-1.5155084746432,-1.303,9.979,158.01,0.037,0.049,1.484,0.863,11.45,12.085,,normal
ZTF18aahjaxz_20180418_SEDm_0.ascii,ZTF18aahjaxz,-0.15700610628478,-1.057,48.676,114.144,0.02,0.02,1.066,0.853,1.807,1.832,,91bg-like
ZTF18aahshhp_20200303_SEDm_0.ascii,ZTF18aahshhp,-0.284196435226927,,,,,,,,,,3.429,SN Ia
ZTF18aahtjsc_20190401_SEDm_0.ascii,ZTF18aahtjsc,-2.28998301870894,,,,,,,,,,10.882,SN Ia
ZTF18aaifxvz_20200611_LT_0.ascii,ZTF18aaifxvz,4.81188297457507,-1.001,4.026,52.17,0.021,0.021,0.325,0.471,2.391,4.959,,SN Ia
ZTF18aaimxdx_20180411_P200_0.ascii,ZTF18aaimxdx,1.62216794719307,-0.941,39.117,93.725,0.025,0.022,2.478,2.642,3.199,4.96,,91bg-like
ZTF18aajivpr_20200416_SEDm_0.ascii,ZTF18aajivpr,0.518988979467559,-1.023,10.636,79.413,0.02,0.021,0.858,0.867,4.328,4.263,,normal
ZTF18aajtlbf_20180420_P200_0.ascii,ZTF18aajtlbf,-0.0831548528532102,-0.924,46.883,90.43,0.021,0.02,2.796,1.411,4.855,2.146,,86G-like
ZTF18aakglgw_20180409_SEDm_0.ascii,ZTF18aakglgw,-0.225866131544829,-1.133,7.917,59.965,0.021,0.021,0.872,0.539,3.736,3.61,,normal
ZTF18aaklpdo_20181110_SEDm_0.ascii,ZTF18aaklpdo,-2.63122110097156,-1.078,11.969,140.601,0.03,0.026,1.106,1.342,6.571,6.854,,normal
ZTF18aalurka_20180422_NTT_0.ascii,ZTF18aalurka,-3.9087652661053100,-0.881,27.09,110.272,0.02,0.02,1.061,0.588,3.259,1.996,,normal
ZTF18aamlhee_20180305_SEDm_0.ascii,ZTF18aamlhee,1.15713589436603,-0.962,21.58,75.663,0.02,0.02,0.574,0.012,1.744,0.0,,normal
ZTF18aansqun_20180713_SEDm_0.ascii,ZTF18aansqun,-1.85162708290088,-0.95,10.924,100.393,0.021,0.021,1.003,0.398,2.205,4.928,,normal
ZTF18aaodrgt_20180508_Lick-3m_0.ascii,ZTF18aaodrgt,1.52897948417765,-1.039,25.194,106.872,0.02,0.02,0.991,1.046,2.977,2.954,,normal
ZTF18aaoufjt_20190604_P200_0.ascii,ZTF18aaoufjt,1.39396398467804,,,,,,,,,,6.147,99aa-like
ZTF18aaoxrup_20200415_SEDm_0.ascii,ZTF18aaoxrup,-1.25482830335628,-0.964,30.764,114.546,0.064,0.063,1.104,0.806,2.843,1.534,,04gs-like
ZTF18aapqwyv_20180511_NTT_0.ascii,ZTF18aapqwyv,4.54944724995099,-1.099,14.015,113.235,0.025,0.022,2.621,2.965,11.164,16.852,,SN Ia
ZTF18aaqfziz_20180512_NTT_0.ascii,ZTF18aaqfziz,4.17366893848096,-1.034,24.074,93.748,0.02,0.021,0.655,1.254,2.142,3.518,,normal
ZTF18aaqqhis_20180516_SEDm_0.ascii,ZTF18aaqqhis,-1.63572214796372,,,,,,,,,,3.913,SN Ia
ZTF18aarbaba_20200625_SEDm_0.ascii,ZTF18aarbaba,1.41213139680775,,,,,,,,,,5.97,normal
ZTF18aarcypa_20180516_SEDm_0.ascii,ZTF18aarcypa,1.48955058767069,-0.816,22.312,138.891,0.021,0.02,0.515,0.1,2.303,0.926,,SN Ia
ZTF18aarikzk_20200424_SEDm_0.ascii,ZTF18aarikzk,-1.27527945975468,,,,,,,,,,19.774,99aa-like
ZTF18aaroihe_20180521_Lick-3m_0.ascii,ZTF18aaroihe,-0.25387269939691,-1.098,30.552,124.054,0.024,0.024,2.745,2.967,7.917,7.999,,04gs-like
ZTF18aarymnz_20180424_SEDm_0.ascii,ZTF18aarymnz,0.101791006422656,-1.219,4.879,60.625,0.02,0.021,0.082,0.314,0.152,3.07,,normal
ZTF18aaslhxt_20180523_LT_0.ascii,ZTF18aaslhxt,-2.29143899092274,-0.96,15.131,80.487,0.021,0.023,0.716,1.322,2.616,6.261,,normal
ZTF18aasprui_20180818_SEDm_0.ascii,ZTF18aasprui,0.439437376725782,-0.966,34.196,112.368,0.02,0.02,0.453,0.193,1.139,0.479,,04gs-like
ZTF18aaupmks_20180518_LT_0.ascii,ZTF18aaupmks,-4.75936957722674,,,,,,,,,,7.184,99aa-like
ZTF18aauxltf_20180524_SEDm_1.ascii,ZTF18aauxltf,2.08280336343256,-1.401,5.535,61.61,0.021,0.02,0.245,0.035,1.393,0.391,,normal
ZTF18aavjnfx_20180524_SEDm_0.ascii,ZTF18aavjnfx,1.5593953387179,-1.195,9.888,107.812,0.02,0.021,0.909,0.304,5.61,3.085,,normal
ZTF18aavsilo_20200523_SEDm_0.ascii,ZTF18aavsilo,3.8571525058679,,,,,,,,,,5.77,SN Ia
ZTF18aawdpnm_20180605_SEDm_0.ascii,ZTF18aawdpnm,1.16700661264709,-1.186,10.084,133.494,0.022,0.026,0.764,0.202,5.95,5.782,,normal
ZTF18aawmxdx_20181216_SEDm_0.ascii,ZTF18aawmxdx,-3.35845007027897,-1.226,9.109,69.812,0.021,0.021,0.58,0.95,4.254,4.544,,normal
ZTF18aaxcntm_20180613_APO_0.ascii,ZTF18aaxcntm,2.81348946772383,-1.279,9.046,119.651,0.02,0.02,0.929,0.732,7.562,5.007,,normal
ZTF18aaxxfah_20180608_SEDm_0.ascii,ZTF18aaxxfah,2.29143747932393,,,,,,,,,,10.09,normal
ZTF18aazsabq_20180621_SEDm_0.ascii,ZTF18aazsabq,-3.81614575230095,-1.026,18.749,168.354,0.028,0.03,1.471,0.644,6.446,11.422,,normal
ZTF18aazxthg_20180620_SEDm_0.ascii,ZTF18aazxthg,-1.06039331917708,-0.909,11.053,136.982,0.064,0.064,0.259,0.126,4.053,9.455,,normal
ZTF18abakjgq_20180624_SEDm_0.ascii,ZTF18abakjgq,-3.87766829654092,,,,,,,,,,10.89,normal
ZTF18abauprj_20180704_NOT_0.ascii,ZTF18abauprj,0.953795613787444,-1.337,9.333,120.452,0.022,0.023,0.567,0.684,3.002,2.995,,normal
ZTF18abbikrz_20200726_SEDm_0.ascii,ZTF18abbikrz,-1.95903004934993,,,,,,,,,,20.324,SN Ia
ZTF18abbvsiv_20180624_SEDm_0.ascii,ZTF18abbvsiv,-3.69182464383213,-1.007,27.381,145.087,0.022,0.024,2.321,2.41,5.015,6.626,,normal
ZTF18abcrzce_20180418_SEDm_0.ascii,ZTF18abcrzce,4.11657143880966,-1.301,17.087,137.183,0.02,0.023,1.19,0.289,3.296,6.167,,SN Ia
ZTF18abcscfv_20180327_NTT_0.ascii,ZTF18abcscfv,-1.72154178191414,-0.909,10.167,158.414,0.068,0.071,1.448,0.949,15.425,7.833,,normal
ZTF18abcvush_20180704_SEDm_0.ascii,ZTF18abcvush,0.132664079759803,-1.093,17.704,97.001,0.023,0.021,1.325,0.856,4.022,4.277,,normal
ZTF18abdcfgz_20180703_SEDm_0.ascii,ZTF18abdcfgz,-4.46437468117039,,,,,,,,,,9.508,normal
ZTF18abdfaqi_20180709_SEDm_0.ascii,ZTF18abdfaqi,-1.99971022440208,,,,,,,,,,3.821,normal
ZTF18abebzog_20180711_SEDm_0.ascii,ZTF18abebzog,-4.84967724692776,-1.082,3.282,56.195,0.063,0.063,0.159,0.003,1.927,1.927,,SN Ia
ZTF18abespgb_20180715_SEDm_0.ascii,ZTF18abespgb,-3.95179489676272,-1.163,5.822,60.298,0.063,0.063,0.525,0.102,3.74,1.554,,normal
ZTF18abhbqbh_20200608_LT_0.ascii,ZTF18abhbqbh,3.45749811001005,-1.239,7.917,138.478,0.024,0.03,0.815,0.363,8.104,6.179,,SN Ia
ZTF18abixkdo_20180730_SEDm_0.ascii,ZTF18abixkdo,0.154312886129109,-1.008,39.162,114.0,0.02,0.02,1.189,0.714,2.197,1.299,,86G-like
ZTF18abjgyyr_20180801_SEDm_0.ascii,ZTF18abjgyyr,-1.75334321586804,,,,,,,,,,9.202,normal
ZTF18abjhack_20180625_SEDm_0.ascii,ZTF18abjhack,0.486898624543782,,,,,,,,,,5.326,normal
ZTF18abjrfqx_20180804_NTT_0.ascii,ZTF18abjrfqx,-3.96950090243358,-0.913,20.385,91.806,0.063,0.063,0.566,0.615,1.868,2.241,,normal
ZTF18abjvzxx_20180802_SEDm_0.ascii,ZTF18abjvzxx,0.698787573633663,-1.255,10.526,93.88,0.022,0.023,0.678,0.947,3.941,7.78,,normal
ZTF18abltdfj_20180811_SEDm_0.ascii,ZTF18abltdfj,0.970512347534836,-0.837,34.518,127.329,0.024,0.024,1.492,0.686,4.449,2.163,,91bg-like
ZTF18abltebf_20180511_NTT_0.ascii,ZTF18abltebf,-1.14896233301242,-0.932,24.419,105.477,0.025,0.024,3.441,3.417,10.624,8.91,,normal
ZTF18ablwtkf_20180813_SEDm_0.ascii,ZTF18ablwtkf,-4.18230849628911,-1.018,24.522,90.82,0.025,0.022,0.742,0.34,1.903,1.022,,86G-like
ZTF18abmjcbs_20180823_SEDm_0.ascii,ZTF18abmjcbs,3.67370532077538,-1.021,31.024,127.122,0.064,0.063,1.575,0.657,4.088,1.176,,86G-like
ZTF18abmkaps_20180827_SEDm_0.ascii,ZTF18abmkaps,0.347373298362193,-1.008,7.471,140.393,0.025,0.022,0.841,0.567,8.894,10.668,,normal
ZTF18abmwnov_20180831_SEDm_0.ascii,ZTF18abmwnov,-3.86894395454426,-0.964,17.211,123.623,0.032,0.022,2.199,0.933,17.044,4.437,,normal
ZTF18abncdhd_20180820_SEDm_0.ascii,ZTF18abncdhd,2.89723008078531,-1.152,11.995,107.768,0.063,0.064,0.613,0.358,3.358,3.108,,normal
ZTF18abncimo_20180901_SEDm_0.ascii,ZTF18abncimo,-0.267619659004693,-1.21,10.124,75.777,0.02,0.02,0.894,0.541,4.267,2.851,,normal
ZTF18abntsgz_20180827_SEDm_0.ascii,ZTF18abntsgz,-2.77275959846891,,,,,,,,,,20.54,normal
ZTF18abnygkb_20180829_SEDm_0.ascii,ZTF18abnygkb,-0.637418029032589,,,,,,,,,,4.62,SN Ia
ZTF18abobkii_20180828_SEDm_0.ascii,ZTF18abobkii,-1.68203132454545,,,,,,,,,,3.448,SN Ia
ZTF18abosdwf_20180817_NOT_0.ascii,ZTF18abosdwf,-3.88717099366712,-1.209,5.903,68.072,0.021,0.021,0.734,0.289,8.511,4.416,,normal
ZTF18abotdef_20180907_SEDm_0.ascii,ZTF18abotdef,2.38903820084655,-0.967,11.798,161.107,0.064,0.064,1.004,0.614,4.537,7.142,,normal
ZTF18abrlupd_20180904_NOT_0.ascii,ZTF18abrlupd,-3.3517617205338,-1.085,14.188,90.769,0.025,0.022,1.291,1.106,6.182,5.735,,normal
ZTF18abrzeym_20180913_SEDm_0.ascii,ZTF18abrzeym,0.198069418011968,,,,,,,,,,12.712,normal
ZTF18absnqyo_20180915_Lick-3m_0.ascii,ZTF18absnqyo,1.82912854476974,,,,,,,,,,3.538,SN Ia
ZTF18absyyig_20180908_SEDm_0.ascii,ZTF18absyyig,-0.0306334582874691,,,,,,,,,,6.647,normal
ZTF18abtfrbf_20180915_Lick-3m_0.ascii,ZTF18abtfrbf,-1.14842393052149,-1.007,25.322,89.473,0.021,0.021,1.021,1.264,2.688,3.429,,normal
ZTF18abtfvsk_20180908_SEDm_0.ascii,ZTF18abtfvsk,2.46144306836682,,,,,,,,,,3.052,normal
ZTF18abtgnky_20180819_NTT_0.ascii,ZTF18abtgnky,3.29704218277527,-1.06,16.745,94.115,0.021,0.021,0.937,0.623,3.099,2.79,,normal
ZTF18abtgtpn_20180804_NTT_0.ascii,ZTF18abtgtpn,-3.37468185636567,-1.104,28.499,111.829,0.021,0.02,2.251,0.81,4.614,3.37,,normal
ZTF18abtqevs_20180913_P200_0.ascii,ZTF18abtqevs,1.57238617353291,,,,,,,,,,5.081,SN Ia
ZTF18abucvbf_20180922_SEDm_0.ascii,ZTF18abucvbf,-1.9806517639573,-0.821,4.468,128.313,0.025,0.022,0.379,0.494,5.393,12.006,,normal
ZTF18abuykiz_20180812_SNIFS_0.ascii,ZTF18abuykiz,0.0457501522282895,-1.058,16.724,93.796,0.02,0.02,0.718,0.576,1.987,2.023,,normal
ZTF18abvtcyi_20180910_NTT_0.ascii,ZTF18abvtcyi,-2.61787493733403,,,,,,,,,,9.166,99aa-like
ZTF18abvtiko_20180829_MDM-2.4_0.ascii,ZTF18abvtiko,-1.05682044314162,-1.132,9.07,69.725,0.02,0.021,0.414,0.631,2.097,3.398,,normal
ZTF18abwbtco_20180919_SEDm_0.ascii,ZTF18abwbtco,-4.84267523758833,,,,,,,,,,19.567,normal
ZTF18abxbugc_20180928_SEDm_0.ascii,ZTF18abxbugc,0.812497233127628,-1.026,25.232,95.799,0.02,0.02,1.221,1.264,2.346,2.872,,normal
ZTF18abyxwrf_20181012_SEDm_0.ascii,ZTF18abyxwrf,1.01683187899492,-1.244,5.594,105.749,0.02,0.024,0.372,0.17,5.64,5.88,,normal
ZTF18acatuts_20181015_LT_0.ascii,ZTF18acatuts,-2.55033731299125,-0.961,16.409,117.766,0.025,0.022,1.555,0.639,6.688,2.865,,normal
ZTF18acbwppb_20181110_SEDm_0.ascii,ZTF18acbwppb,-3.77091689793395,,,,,,,,,,8.19,99aa-like
ZTF18acbwtmf_20181114_SEDm_0.ascii,ZTF18acbwtmf,4.46262328337732,,,,,,,,,,12.634,SN Ia
ZTF18acbxsge_20181116_APO_0.ascii,ZTF18acbxsge,-2.46112709598374,,,,,,,,,,9.079,99aa-like
ZTF18acbznvp_20181107_SEDm_0.ascii,ZTF18acbznvp,0.726945769525058,-1.077,21.192,103.669,0.025,0.022,1.23,1.423,3.647,4.29,,normal
ZTF18acehilk_20181117_SEDm_0.ascii,ZTF18acehilk,-0.681480550629932,,,,,,,,,,9.5,normal
ZTF18acemhyb_20181115_SEDm_0.ascii,ZTF18acemhyb,1.06312669147895,-1.091,31.125,133.068,0.021,0.022,0.888,1.81,2.806,5.323,,04gs-like
ZTF18aceynvm_20181121_SEDm_0.ascii,ZTF18aceynvm,-1.87294668750974,-1.229,4.851,56.983,0.021,0.022,0.303,0.479,3.012,5.434,,normal
ZTF18acfwmqj_20181119_SEDm_0.ascii,ZTF18acfwmqj,-1.18889536580976,,,,,,,,,,9.494,SN Ia
ZTF18achaqmd_20181203_SEDm_0.ascii,ZTF18achaqmd,4.22494804573593,-1.107,9.714,95.628,0.02,0.02,0.767,0.177,3.769,2.24,,normal
ZTF18achyqcq_20181120_SEDm_0.ascii,ZTF18achyqcq,-3.6428875433325900,,,,,,,,,,3.987,99aa-like
ZTF18acmvcme_20190513_SEDm_0.ascii,ZTF18acmvcme,0.938423951214895,,,,,,,,,,3.827,SN Ia
ZTF18acmxmlq_20181126_SEDm_0.ascii,ZTF18acmxmlq,-0.599434961781159,-1.275,14.589,116.938,0.02,0.021,1.26,0.257,4.527,1.772,,normal
ZTF18acmycnd_20181121_SEDm_0.ascii,ZTF18acmycnd,-1.86781903728539,,,,,,,,,,11.595,normal
ZTF18acmyihj_20181012_NTT_0.ascii,ZTF18acmyihj,-2.71653639479315,-1.069,28.755,101.562,0.024,0.022,3.09,2.423,7.484,6.375,,normal
ZTF18acnbgrb_20181116_SEDm_0.ascii,ZTF18acnbgrb,-1.18522013890777,-1.09,10.111,117.325,0.022,0.02,0.818,0.488,4.25,2.735,,normal
ZTF18acpfwmm_20181126_SEDm_0.ascii,ZTF18acpfwmm,-3.86956059814639,,,,,,,,,,6.952,SN Ia
ZTF18acqqyah_20181204_SEDm_0.ascii,ZTF18acqqyah,-2.81791230427809,-0.98,10.55,61.979,0.02,0.02,0.692,0.239,3.743,1.312,,normal
ZTF18acqsfxh_20181201_Keck_0.ascii,ZTF18acqsfxh,-1.5803327463213,,,,,,,,,,7.659,99aa-like
ZTF18acqxcga_20181208_LT_0.ascii,ZTF18acqxcga,-0.471534842256926,-1.026,4.757,61.807,0.064,0.064,0.472,0.605,3.591,4.287,,normal
ZTF18acrdmmw_20181214_LT_0.ascii,ZTF18acrdmmw,3.90313258519963,-1.231,10.893,166.912,0.033,0.054,1.839,1.592,26.667,10.575,,normal
ZTF18acrukkl_20180918_NTT_0.ascii,ZTF18acrukkl,-4.06340142916166,,,,,,,,,,5.634,91T-like
ZTF18acslpba_20181209_SEDm_0.ascii,ZTF18acslpba,-2.10421294360049,-0.97,32.781,123.441,0.02,0.02,0.348,0.162,1.035,0.089,,04gs-like
ZTF18acuimze_20181222_SEDm_0.ascii,ZTF18acuimze,3.65663469759842,,,,,,,,,,6.224,SN Ia
ZTF18acurlbj_20181213_SEDm_0.ascii,ZTF18acurlbj,-4.84039348060307,,,,,,,,,,5.797,normal
ZTF18acutfne_20181215_P200_0.ascii,ZTF18acutfne,-4.67098641180168,-0.963,17.996,80.767,0.023,0.026,1.801,3.571,7.215,17.265,,normal
ZTF18acwwonp_20181229_SEDm_0.ascii,ZTF18acwwonp,-3.49818171216178,-0.917,15.118,70.395,0.02,0.021,1.718,0.724,4.815,2.409,,normal
ZTF18acwwowy_20181229_SEDm_0.ascii,ZTF18acwwowy,-1.23104188419595,,,,,,,,,,8.176,normal
ZTF18acwyqeg_20181222_SEDm_0.ascii,ZTF18acwyqeg,-1.93266814697488,,,,,,,,,,13.032,normal
ZTF18acyymoy_20180522_NTT_0.ascii,ZTF18acyymoy,-4.60875783623749,-1.01,28.184,134.239,0.02,0.02,1.778,0.822,7.21,3.55,,normal
ZTF18aczemzj_20181229_SEDm_0.ascii,ZTF18aczemzj,-0.631874246441819,-1.095,12.924,68.291,0.021,0.021,1.422,1.282,4.374,4.766,,normal
ZTF18aczotxi_20190104_SEDm_0.ascii,ZTF18aczotxi,-0.724671299091799,-0.855,6.727,52.43,0.063,0.063,0.596,0.898,6.271,7.945,,normal
ZTF18aczrafz_20190103_Lick-3m_0.ascii,ZTF18aczrafz,0.386454165722773,-1.017,10.372,65.001,0.02,0.02,0.826,0.549,3.862,2.655,,normal
ZTF18adaifep_20190104_SEDm_0.ascii,ZTF18adaifep,-1.64759537205222,,,,,,,,,,5.673,normal
ZTF18adalarn_20190103_Lick-3m_0.ascii,ZTF18adalarn,-2.8891620923222,,,,,,,,,,5.999,SN Ia
ZTF18adaruzw_20190112_P200_0.ascii,ZTF18adaruzw,3.9177652480384900,-1.055,28.162,113.75,0.064,0.064,1.573,2.265,4.466,6.938,,normal
ZTF18adasopt_20181231_WHT_0.ascii,ZTF18adasopt,-4.92955404406122,-0.999,10.302,84.465,0.064,0.063,0.385,1.973,2.211,8.739,,normal
ZTF18adaylyq_20190104_SEDm_0.ascii,ZTF18adaylyq,-2.33414033763391,,,,,,,,,,11.996,SN Ia
ZTF18adbckox_20190104_SEDm_0.ascii,ZTF18adbckox,-4.85005985842057,,,,,,,,,,6.824,99aa-like
ZTF19aaafica_20190102_LT_0.ascii,ZTF19aaafica,-4.96676140714427,-0.937,40.649,127.112,0.021,0.021,1.814,2.701,3.227,4.485,,91bg-like
ZTF19aaaonuk_20190114_NTT_0.ascii,ZTF19aaaonuk,4.25911259895831,-0.809,35.868,86.003,0.025,0.022,0.724,1.502,0.983,2.561,,91bg-like
ZTF19aaarhtg_20200719_Lick-3m_0.ascii,ZTF19aaarhtg,1.44910488237143,,,,,,,,,,4.73,SN Ia
ZTF19aabyppp_20190126_P200_0.ascii,ZTF19aabyppp,0.309983636333031,-0.821,7.945,110.811,0.073,0.027,2.261,0.736,31.674,7.537,,SN Ia
ZTF19aabyuze_20190127_Lick-3m_0.ascii,ZTF19aabyuze,2.10771878416614,,,,,,,,,,5.169,91T-like
ZTF19aadmjtn_20190126_P200_0.ascii,ZTF19aadmjtn,-2.01199299940189,-0.823,9.826,113.335,0.023,0.027,1.109,0.607,7.458,4.739,,normal
ZTF19aadoocn_20190128_Magellan-Clay_0.ascii,ZTF19aadoocn,-1.24572359752179,,,,,,,,,,3.318,99aa-like
ZTF19aadsyop_20190204_SNIFS_0.ascii,ZTF19aadsyop,3.72699796704651,-1.222,8.146,135.976,0.06,0.031,1.502,0.933,20.298,7.337,,SN Ia
ZTF19aafwrhf_20191220_SEDm_0.ascii,ZTF19aafwrhf,0.150911392737598,-1.257,3.46,126.869,0.199,0.198,2.214,2.185,55.541,50.145,,SN Ia
ZTF19aagkfvq_20200518_LT_0.ascii,ZTF19aagkfvq,3.52613347601231,-1.041,4.595,79.539,0.065,0.064,0.295,0.662,2.967,8.079,,SN Ia
ZTF19aahsnmq_20190220_SEDm_0.ascii,ZTF19aahsnmq,-1.76494408874783,,,,,,,,,,9.789,normal
ZTF19aajxhwa_20190226_SEDm_0.ascii,ZTF19aajxhwa,0.392884962107915,,,,,,,,,,6.24,normal
ZTF19aajxwnz_20190301_Ekar_0.ascii,ZTF19aajxwnz,-2.14420392322781,-0.919,6.62,122.009,0.025,0.024,0.612,0.717,6.832,7.691,,normal
ZTF19aakiwxx_20190220_SEDm_0.ascii,ZTF19aakiwxx,-2.73860475855535,,,,,,,,,,22.165,normal
ZTF19aakljys_20190301_Ekar_0.ascii,ZTF19aakljys,3.32004361575961,-1.033,21.281,112.286,0.021,0.023,1.691,1.27,8.503,4.482,,normal
ZTF19aaklquv_20190301_Ekar_0.ascii,ZTF19aaklquv,1.76505930257542,-1.218,9.403,105.987,0.029,0.032,1.088,1.862,11.739,10.394,,normal
ZTF19aakoasy_20190307_Keck_0.ascii,ZTF19aakoasy,0.365388229440376,-1.175,11.599,108.378,0.02,0.02,0.314,0.325,1.772,1.964,,normal
ZTF19aakobov_20190302_SNIFS_0.ascii,ZTF19aakobov,-4.48762913754672,,,,,,,,,,16.243,normal
ZTF19aakozyp_20190307_NTT_0.ascii,ZTF19aakozyp,-3.38887864495107,,,,,,,,,,6.647,99aa-like
ZTF19aalvaxt_20190316_Lick-3m_0.ascii,ZTF19aalvaxt,-2.96088925492641,,,,,,,,,,2.517,91T-like
ZTF19aalveag_20190316_SEDm_0.ascii,ZTF19aalveag,0.47553860763613,-1.078,16.195,92.133,0.023,0.026,1.957,1.276,7.848,7.118,,normal
ZTF19aambfxc_20200209_SEDm_0.ascii,ZTF19aambfxc,-1.19377669977938,,,,,,,,,,11.544,SN Ia
ZTF19aamhhae_20190327_SEDm_0.ascii,ZTF19aamhhae,-0.695656817050469,,,,,,,,,,20.456,SN Ia
ZTF19aamhhgu_20190325_SEDm_0.ascii,ZTF19aamhhgu,-0.962341645552274,-1.014,27.021,99.853,0.02,0.021,0.691,1.768,2.369,5.016,,normal
ZTF19aamkdtq_20190316_P200_0.ascii,ZTF19aamkdtq,1.94029063974263,,,,,,,,,,5.178,SN Ia
ZTF19aampqcq_20190331_Plaskett_0.ascii,ZTF19aampqcq,0.273331662692014,,,,,,,,,,7.052,SN Ia
ZTF19aamrdmm_20190316_Lick-3m_0.ascii,ZTF19aamrdmm,-4.13741691820188,,,,,,,,,,6.414,99aa-like
ZTF19aamrnyv_20190327_SEDm_0.ascii,ZTF19aamrnyv,1.82632014395556,,,,,,,,,,23.543,SN Ia
ZTF19aanbfaw_20190330_SEDm_0.ascii,ZTF19aanbfaw,-1.59620259058143,,,,,,,,,,22.342,normal
ZTF19aaneugz_20190402_SEDm_0.ascii,ZTF19aaneugz,-3.05555760568103,-1.148,9.794,95.248,0.021,0.022,0.867,0.795,3.408,3.976,,SN Ia
ZTF19aanjlwx_20190402_SEDm_0.ascii,ZTF19aanjlwx,-1.0679701007096,,,,,,,,,,10.005,99aa-like
ZTF19aanuhox_20190408_SEDm_0.ascii,ZTF19aanuhox,-4.4163469823201,-0.897,4.713,51.805,0.02,0.02,0.195,0.03,3.715,0.365,,normal
ZTF19aanxgrz_20190411_SEDm_0.ascii,ZTF19aanxgrz,2.25266747463455,-0.97,38.384,111.682,0.02,0.02,0.401,1.059,0.616,2.329,,86G-like
ZTF19aanyuyh_20200728_LT_0.ascii,ZTF19aanyuyh,-1.26634242271359,,,,,,,,,,3.778,SN Ia
ZTF19aaomkvl_20190413_SEDm_0.ascii,ZTF19aaomkvl,-3.57597263311035,,,,,,,,,,14.557,normal
ZTF19aaozpew_20190423_SEDm_0.ascii,ZTF19aaozpew,1.70845428291872,,,,,,,,,,7.001,99aa-like
ZTF19aaphmto_20190412_SEDm_0.ascii,ZTF19aaphmto,-4.62573600627968,,,,,,,,,,14.968,normal
ZTF19aaqtyku_20190420_NOT_0.ascii,ZTF19aaqtyku,0.428658179945875,,,,,,,,,,12.495,normal
ZTF19aaraxhh_20190427_LT_0.ascii,ZTF19aaraxhh,-4.80222044709625,,,,,,,,,,11.658,99aa-like
ZTF19aardunx_20190423_SEDm_0.ascii,ZTF19aardunx,-4.99783044804236,-1.133,11.599,112.079,0.023,0.02,0.276,0.638,1.337,2.657,,normal
ZTF19aarhxgn_20190508_LT_0.ascii,ZTF19aarhxgn,0.962662309895334,,,,,,,,,,5.526,91T-like
ZTF19aarprog_20190513_SEDm_0.ascii,ZTF19aarprog,3.42916205184821,,,,,,,,,,4.928,91T-like
ZTF19aartuev_20190508_LT_0.ascii,ZTF19aartuev,3.12361717013316,-1.303,10.128,58.48,0.021,0.048,1.987,0.875,5.469,6.275,,normal
ZTF19aartuli_20190509_SEDm_0.ascii,ZTF19aartuli,0.670112054586768,,,,,,,,,,10.273,normal
ZTF19aartylj_20190510_LT_0.ascii,ZTF19aartylj,3.7171693673427500,-1.067,7.229,82.256,0.067,0.065,1.07,1.399,9.998,11.357,,normal
ZTF19aasfsoi_20190509_SEDm_0.ascii,ZTF19aasfsoi,4.4081889474472,,,,,,,,,,12.714,99aa-like
ZTF19aatgrxv_20190510_LT_0.ascii,ZTF19aatgrxv,-3.38243379947785,,,,,,,,,,17.489,normal
ZTF19aathcvn_20190513_SEDm_0.ascii,ZTF19aathcvn,-3.00702150807662,,,,,,,,,,14.009,99aa-like
ZTF19aatlmbo_20190514_Other_0.ascii,ZTF19aatlmbo,-2.02360722996437,-1.323,7.522,72.276,0.02,0.02,0.61,0.415,1.351,1.91,,normal
ZTF19aatnefp_20190511_SNIFS_0.ascii,ZTF19aatnefp,2.46194328379851,-0.984,10.28,77.377,0.024,0.021,0.868,1.458,5.21,9.441,,normal
ZTF19aatvkrn_20190511_SNIFS_0.ascii,ZTF19aatvkrn,0.339921163560963,-1.028,39.433,94.515,0.063,0.063,1.497,0.496,1.268,1.799,,04gs-like
ZTF19aatvljp_20190512_NTT_0.ascii,ZTF19aatvljp,0.641476724681456,-0.918,42.148,101.237,0.02,0.02,0.533,0.706,0.947,1.15,,04gs-like
ZTF19aauguzk_20190515_SEDm_0.ascii,ZTF19aauguzk,-4.29718637503045,,,,,,,,,,14.104,normal
ZTF19aaumvig_20190529_SEDm_0.ascii,ZTF19aaumvig,3.71600434913576,,,,,,,,,,10.559,normal
ZTF19aaupkrl_20190525_SEDm_0.ascii,ZTF19aaupkrl,-1.60015748661829,-0.899,13.673,147.997,0.027,0.025,1.432,1.591,9.393,8.248,,normal
ZTF19aavhxby_20190606_SEDm_0.ascii,ZTF19aavhxby,-1.30084990735785,-0.908,11.633,96.792,0.02,0.02,0.406,0.426,2.238,2.264,,normal
ZTF19aavhzsc_20190601_SEDm_0.ascii,ZTF19aavhzsc,-3.69469932044304,-1.088,31.756,100.798,0.02,0.02,1.245,0.664,2.625,1.322,,04gs-like
ZTF19aavissk_20190603_SEDm_0.ascii,ZTF19aavissk,0.532582281479884,-1.002,5.286,64.365,0.063,0.063,0.352,0.24,1.588,0.919,,normal
ZTF19aavmgtv_20190606_SEDm_0.ascii,ZTF19aavmgtv,1.94876895726223,-0.978,39.666,123.724,0.021,0.02,2.504,0.878,5.045,1.35,,04gs-like
ZTF19aavnwyt_20190608_SEDm_0.ascii,ZTF19aavnwyt,-2.55069573222004,-1.186,26.448,123.071,0.02,0.02,0.899,0.137,1.953,1.476,,normal
ZTF19aavxikq_20190609_SEDm_0.ascii,ZTF19aavxikq,-4.04920019983201,-1.06,10.332,87.696,0.025,0.022,0.743,0.242,2.954,1.703,,normal
ZTF19aawfcgp_20190605_SEDm_0.ascii,ZTF19aawfcgp,-4.49279434567836,-1.017,37.546,124.487,0.02,0.021,2.339,1.213,5.89,2.77,,SN Ia
ZTF19aawgfnn_20190607_SEDm_0.ascii,ZTF19aawgfnn,-3.38077800883383,-0.965,8.769,77.616,0.02,0.023,0.894,0.611,4.035,2.79,,normal
ZTF19aaxqsbn_20190618_SEDm_0.ascii,ZTF19aaxqsbn,1.79807474022631,,,,,,,,,,10.645,SN Ia
ZTF19aayabqe_20190613_SEDm_0.ascii,ZTF19aayabqe,-1.55487286912302,-1.036,34.703,101.243,0.025,0.022,0.925,0.834,1.934,2.119,,91bg-like
ZTF19ababigc_20190625_SEDm_0.ascii,ZTF19ababigc,-2.21555077994317,-1.047,16.007,102.726,0.063,0.063,1.086,0.302,3.35,1.063,,normal
ZTF19abadskf_20190703_Lick-3m_0.ascii,ZTF19abadskf,1.83494469192622,-1.082,10.909,78.408,0.021,0.021,0.686,0.79,3.326,4.511,,normal
ZTF19abalrbb_20190625_SEDm_0.ascii,ZTF19abalrbb,-1.11245608037693,-0.851,45.269,117.663,0.02,0.02,1.641,1.304,2.882,2.372,,91bg-like
ZTF19abasxkg_20190706_SEDm_0.ascii,ZTF19abasxkg,1.35690576914767,,,,,,,,,,8.445,normal
ZTF19abcttsc_20190711_SEDm_0.ascii,ZTF19abcttsc,-0.819855829203187,-1.022,33.301,105.254,0.063,0.063,1.452,1.527,2.952,3.036,,86G-like
ZTF19abdyawn_20190718_SEDm_0.ascii,ZTF19abdyawn,-3.6564731921449,-0.912,4.195,99.413,0.05,0.035,0.771,0.909,15.12,14.726,,normal
ZTF19abeizmo_20200131_SEDm_0.ascii,ZTF19abeizmo,3.96894565512687,,,,,,,,,,20.562,SN Ia
ZTF19abfhszx_20190724_SEDm_0.ascii,ZTF19abfhszx,-0.28090161892454,,,,,,,,,,6.314,normal
ZTF19abfibel_20190717_SEDm_0.ascii,ZTF19abfibel,-4.11380619056215,-1.085,5.656,87.922,0.021,0.024,0.784,0.634,20.25,5.426,,normal
ZTF19abfvhlx_20190724_SEDm_0.ascii,ZTF19abfvhlx,1.70738137958261,-1.086,6.26,62.316,0.025,0.022,0.522,0.118,4.434,2.482,,SN Ia
ZTF19abgjlef_20190721_SEDm_0.ascii,ZTF19abgjlef,-4.26608611634559,-1.108,21.864,145.372,0.024,0.022,1.639,0.162,13.232,1.858,,normal
ZTF19abgsyrp_20190729_NTT_0.ascii,ZTF19abgsyrp,-4.46965430157199,,,,,,,,,,20.57,normal
ZTF19abhdlxp_20190731_SEDm_0.ascii,ZTF19abhdlxp,2.26434617582853,,,,,,,,,,9.621,normal
ZTF19abhpvfq_20190724_SEDm_0.ascii,ZTF19abhpvfq,-4.85990646256154,-1.241,14.96,114.525,0.021,0.022,0.803,0.665,2.67,2.927,,normal
ZTF19abiahik_20190728_SEDm_0.ascii,ZTF19abiahik,-4.07079933063652,-1.043,46.483,116.898,0.02,0.021,2.282,0.942,3.702,1.304,,86G-like
ZTF19abidfxd_20190729_NTT_0.ascii,ZTF19abidfxd,-1.94642548451447,-1.009,17.52,139.761,0.063,0.063,0.042,0.064,0.051,0.086,,normal
ZTF19abimkwn_20190811_SEDm_0.ascii,ZTF19abimkwn,3.50079476120533,-1.096,6.719,90.826,0.066,0.078,1.135,0.81,15.622,16.052,,normal
ZTF19abioohk_20190730_NTT_0.ascii,ZTF19abioohk,2.96000283904919,-0.796,45.632,101.13,0.063,0.063,0.7,1.207,1.298,2.193,,91bg-like
ZTF19abjgbmo_20190808_SEDm_0.ascii,ZTF19abjgbmo,1.89910948934299,-0.972,9.087,60.571,0.02,0.02,0.821,0.407,3.078,1.154,,normal
ZTF19abjpkdz_20190808_SEDm_0.ascii,ZTF19abjpkdz,3.31347119427956,-0.964,34.104,127.884,0.021,0.022,2.283,1.646,7.933,4.176,,91bg-like
ZTF19abjslyw_20190808_SEDm_0.ascii,ZTF19abjslyw,-3.08608723178886,-0.875,17.14,58.727,0.022,0.02,0.911,3.139,1.896,7.789,,SN Ia
ZTF19abkbkxy_20180804_NTT_0.ascii,ZTF19abkbkxy,-0.591327816736404,-1.119,9.878,108.836,0.025,0.022,0.896,1.327,8.542,10.397,,normal
ZTF19abkbkyb_20180805_NTT_0.ascii,ZTF19abkbkyb,-2.73771713372459,-1.058,49.192,111.729,0.02,0.02,1.419,1.979,2.314,3.247,,86G-like
ZTF19ablovot_20190810_SEDm_0.ascii,ZTF19ablovot,-3.8311900839188,-0.95,15.858,123.147,0.02,0.021,0.615,0.79,2.699,2.791,,normal
ZTF19ablqnuw_20190809_P200_0.ascii,ZTF19ablqnuw,-2.10682045332571,,,,,,,,,,11.274,SN Ia
ZTF19ablusdf_20190810_SEDm_0.ascii,ZTF19ablusdf,-2.61483548961593,-1.195,44.774,118.85,0.02,0.02,1.655,1.533,2.578,2.094,,86G-like
ZTF19abmzord_20190813_SEDm_0.ascii,ZTF19abmzord,-3.80164042698387,-1.165,17.211,82.137,0.025,0.022,0.69,1.356,2.366,4.904,,normal
ZTF19abnoxud_20190813_SEDm_0.ascii,ZTF19abnoxud,-4.19595164587344,-0.991,52.986,146.479,0.02,0.02,0.493,0.88,1.24,1.133,,SN Ia
ZTF19abpbmli_20190816_SEDm_0.ascii,ZTF19abpbmli,-4.85653490987996,-1.084,55.174,132.01,0.021,0.02,2.555,0.424,4.596,0.432,,04gs-like
ZTF19abplfxs_20190825_SEDm_0.ascii,ZTF19abplfxs,-1.56472508475154,-0.92,8.193,70.999,0.021,0.021,0.452,0.622,3.354,7.289,,normal
ZTF19abpveqn_20190820_SEDm_0.ascii,ZTF19abpveqn,-0.592611624937558,-1.222,7.048,41.505,0.063,0.063,0.45,0.148,2.086,0.258,,normal
ZTF19abqgzea_20190830_SEDm_0.ascii,ZTF19abqgzea,1.36779931199374,,,,,,,,,,7.058,normal
ZTF19abqmpsr_20190826_Lick-3m_0.ascii,ZTF19abqmpsr,-4.8686279633849,-0.957,23.38,129.994,0.02,0.02,0.802,0.227,2.868,1.28,,normal
ZTF19abrcvzz_20190907_SEDm_0.ascii,ZTF19abrcvzz,1.82585880536472,-1.125,7.016,51.165,0.063,0.063,0.681,0.213,3.878,1.024,,normal
ZTF19abrogbl_20190901_SNIFS_0.ascii,ZTF19abrogbl,-3.13957502115065,-1.153,20.628,90.832,0.021,0.021,1.281,0.534,3.725,1.657,,normal
ZTF19abtsrup_20190907_NTT_0.ascii,ZTF19abtsrup,-2.85355226130576,,,,,,,,,,3.831,normal
ZTF19abttstb_20190907_SEDm_0.ascii,ZTF19abttstb,0.0334327410193067,,,,,,,,,,22.467,normal
ZTF19abuclhk_20190912_SEDm_0.ascii,ZTF19abuclhk,1.66178103193299,-1.183,12.21,111.405,0.021,0.022,0.676,1.436,4.639,5.613,,normal
ZTF19abucvgu_20190912_SEDm_0.ascii,ZTF19abucvgu,0.325785916248894,-1.103,14.691,107.569,0.064,0.064,0.933,0.305,3.896,2.211,,normal
ZTF19abujuex_20190910_SEDm_0.ascii,ZTF19abujuex,-1.71859996097079,,,,,,,,,,10.186,normal
ZTF19aburnqh_20190907_SEDm_0.ascii,ZTF19aburnqh,-4.39057119940758,-1.087,14.393,113.572,0.022,0.024,1.067,1.123,5.299,4.109,,normal
ZTF19abvvpoh_20190915_SEDm_0.ascii,ZTF19abvvpoh,-2.7407762038037,,,,,,,,,,9.946,99aa-like
ZTF19abwscog_20190911_SEDm_0.ascii,ZTF19abwscog,-1.08161745699635,,,,,,,,,,12.093,SN Ia
ZTF19abwswzb_20190919_LT_0.ascii,ZTF19abwswzb,-2.62150160655677,,,,,,,,,,13.474,99aa-like
ZTF19abxdnhr_20190921_SEDm_0.ascii,ZTF19abxdnhr,2.42787443309438,-1.094,9.28,82.879,0.031,0.022,0.947,1.419,3.849,9.66,,normal
ZTF19abxfhrq_20190918_LT_0.ascii,ZTF19abxfhrq,-0.371649059016014,-1.019,16.963,150.213,0.022,0.027,0.943,1.091,7.136,11.004,,SN Ia
ZTF19abxiqve_20190911_SEDm_0.ascii,ZTF19abxiqve,-1.94612473962255,-0.881,17.223,100.614,0.064,0.069,2.24,1.832,5.404,14.565,,normal
ZTF19abxtdgh_20190922_SEDm_0.ascii,ZTF19abxtdgh,-0.163511057899102,-1.128,5.189,87.56,0.02,0.02,0.258,0.035,1.688,0.812,,99aa-like
ZTF19abylxyt_20190923_SEDm_0.ascii,ZTF19abylxyt,0.589328349235533,,,,,,,,,,4.982,SN Ia
ZTF19abyreuq_20190915_SEDm_0.ascii,ZTF19abyreuq,-3.89265353157959,,,,,,,,,,7.179,99aa-like
ZTF19abywmqw_20190919_SEDm_0.ascii,ZTF19abywmqw,2.14358944023344,,,,,,,,,,26.34,normal
ZTF19abywqza_20190904_NTT_0.ascii,ZTF19abywqza,-2.41700939625706,,,,,,,,,,3.228,SN Ia
ZTF19abzmpku_20191001_SEDm_0.ascii,ZTF19abzmpku,-1.62182786294094,,,,,,,,,,3.169,99aa-like
ZTF19abzprpk_20190924_SEDm_0.ascii,ZTF19abzprpk,-0.0907771689922243,-1.094,7.518,92.338,0.02,0.021,0.145,0.099,1.898,0.709,,SN Ia
ZTF19abzulhk_20191001_SEDm_0.ascii,ZTF19abzulhk,-4.09351439646533,,,,,,,,,,13.743,normal
ZTF19acaqyjp_20191008_SEDm_0.ascii,ZTF19acaqyjp,-1.27863213506408,-0.982,4.926,93.801,0.025,0.022,0.131,0.076,1.65,1.823,,99aa-like
ZTF19acazbqm_20191011_LT_0.ascii,ZTF19acazbqm,2.08565795907213,-1.143,12.191,88.633,0.021,0.02,0.454,0.387,1.308,2.554,,normal
ZTF19acblzux_20191004_SEDm_0.ascii,ZTF19acblzux,0.272167474471517,-0.915,31.542,107.055,0.02,0.021,1.147,1.002,2.5,2.207,,91bg-like
ZTF19acbmddl_20191008_SEDm_0.ascii,ZTF19acbmddl,-4.54392316144782,-0.849,4.035,70.161,0.053,0.021,0.34,0.165,2.755,12.51,,91T-like
ZTF19acbpnii_20191015_SEDm_0.ascii,ZTF19acbpnii,2.1581002755634,-0.969,13.942,90.95,0.02,0.027,1.215,0.204,11.681,1.852,,normal
ZTF19acbvpjn_20191003_Lick-3m_0.ascii,ZTF19acbvpjn,0.195472173191044,-1.043,12.054,80.12,0.02,0.02,0.617,0.337,1.725,1.167,,normal
ZTF19acbykmk_20191015_SEDm_0.ascii,ZTF19acbykmk,0.443362789510528,,,,,,,,,,13.339,normal
ZTF19accloxh_20191007_SEDm_0.ascii,ZTF19accloxh,-2.12370557978824,-1.157,9.957,76.406,0.02,0.02,0.301,0.099,1.222,0.45,,normal
ZTF19acdisjm_20191011_SEDm_0.ascii,ZTF19acdisjm,-3.72551451864084,-1.222,26.879,62.535,0.02,0.021,1.542,1.499,3.69,3.869,,normal
ZTF19acdulhn_20191013_SEDm_0.ascii,ZTF19acdulhn,-4.85006362986074,,,,,,,,,,10.862,99aa-like
ZTF19acekbyz_20191023_SEDm_0.ascii,ZTF19acekbyz,1.04008832591019,-1.082,18.524,86.751,0.063,0.063,2.179,0.46,5.189,1.881,,normal
ZTF19acfsqjx_20191101_SEDm_0.ascii,ZTF19acfsqjx,1.38882984196257,,,,,,,,,,15.848,SN Ia
ZTF19acgcshq_20191026_SEDm_0.ascii,ZTF19acgcshq,-1.62412030844426,,,,,,,,,,13.891,SN Ia
ZTF19acgdfjt_20191023_APO_0.ascii,ZTF19acgdfjt,-3.54029486592889,-1.359,10.805,160.406,0.048,0.028,2.306,0.88,25.737,7.775,,SN Ia
ZTF19acgjnfz_20191104_APO_0.ascii,ZTF19acgjnfz,1.37386921843971,-1.221,9.243,121.742,0.031,0.024,0.948,0.976,7.288,8.113,,99aa-like
ZTF19acgogcm_20191101_SEDm_0.ascii,ZTF19acgogcm,-2.37186794120833,-1.123,8.031,54.532,0.025,0.022,0.079,0.377,0.47,4.493,,normal
ZTF19acgqjln_20191030_SEDm_0.ascii,ZTF19acgqjln,-4.24741498480646,,,,,,,,,,26.964,normal
ZTF19acgxbwo_20191101_SEDm_0.ascii,ZTF19acgxbwo,-2.29899718248823,-1.131,21.562,81.552,0.063,0.064,1.948,0.911,3.592,3.311,,SN Ia
ZTF19achahea_20191023_SEDm_0.ascii,ZTF19achahea,0.999779666956361,-0.946,32.99,84.54,0.02,0.02,0.53,0.348,1.264,0.882,,91bg-like
ZTF19achticg_20191103_SEDm_0.ascii,ZTF19achticg,3.91635775744027,-1.016,14.663,86.631,0.02,0.021,0.794,0.693,3.732,3.381,,normal
ZTF19acifuyf_20191105_SEDm_0.ascii,ZTF19acifuyf,-3.49728810397892,,,,,,,,,,11.601,normal
ZTF19acihfxz_20191107_SEDm_0.ascii,ZTF19acihfxz,0.892158673017522,-1.133,14.34,122.554,0.065,0.07,2.142,1.264,13.328,9.023,,normal
ZTF19acjdwqv_20191104_SEDm_0.ascii,ZTF19acjdwqv,-3.78714017401626,,,,,,,,,,7.527,99aa-like
ZTF19acjerdh_20191104_SNIFS_0.ascii,ZTF19acjerdh,-4.83817634883877,-1.209,13.569,61.811,0.065,0.063,1.148,2.721,4.303,11.911,,normal
ZTF19acjifxp_20191109_SEDm_0.ascii,ZTF19acjifxp,0.757642272134773,,,,,,,,,,3.057,normal
ZTF19acjtkha_20191107_SEDm_0.ascii,ZTF19acjtkha,0.858856126814294,-0.972,32.079,115.763,0.021,0.02,1.544,1.176,4.418,2.657,,SN Ia
ZTF19acjurot_20191108_SEDm_0.ascii,ZTF19acjurot,-3.91753065394736,,,,,,,,,,5.71,normal
ZTF19ackjmge_20191101_LT_0.ascii,ZTF19ackjmge,-2.86111873057539,-0.961,24.546,102.401,0.02,0.021,0.893,1.377,3.649,5.08,,normal
ZTF19ackjnuq_20191103_SEDm_0.ascii,ZTF19ackjnuq,-1.38400658172249,-1.074,5.288,87.009,0.02,0.024,0.216,0.544,0.493,5.516,,normal
ZTF19acnzkph_20191121_Lick-3m_0.ascii,ZTF19acnzkph,1.33077971863278,-0.914,3.551,34.346,0.02,0.02,0.276,0.212,2.848,2.288,,normal
ZTF19acrcupt_20191125_SEDm_0.ascii,ZTF19acrcupt,4.02454471730261,-0.955,12.496,97.14,0.021,0.02,0.908,1.062,4.146,5.223,,normal
ZTF19acshfvz_20191118_SEDm_1.ascii,ZTF19acshfvz,-1.7470066362916,,,,,,,,,,20.202,normal
ZTF19acslqnc_20191124_SEDm_0.ascii,ZTF19acslqnc,0.0465519836251625,-1.067,18.889,143.771,0.021,0.022,1.037,0.584,3.452,3.747,,normal
ZTF19acwrujg_20191213_SEDm_0.ascii,ZTF19acwrujg,1.37708958230123,,,,,,,,,,5.28,normal
ZTF19acxndsk_20191219_LT_0.ascii,ZTF19acxndsk,-4.93944173932014,-1.026,9.965,92.589,0.02,0.02,0.277,0.296,1.873,1.845,,normal
ZTF19acxowwt_20191216_SEDm_0.ascii,ZTF19acxowwt,0.694154954731267,,,,,,,,,,6.399,SN Ia
ZTF19acyksfd_20191228_LT_0.ascii,ZTF19acyksfd,4.93350955718028,-0.885,25.216,85.083,0.025,0.022,0.297,0.378,0.808,1.175,,normal
ZTF19acylgic_20191218_NTT_0.ascii,ZTF19acylgic,-2.94097081829478,,,,,,,,,,5.524,normal
ZTF19acyltbi_20191224_LT_0.ascii,ZTF19acyltbi,3.64972607855466,-1.136,14.294,145.214,0.065,0.065,1.286,1.089,5.953,6.745,,normal
ZTF19acymzwh_20191223_Lick-3m_0.ascii,ZTF19acymzwh,4.93674736075439,-1.092,12.864,124.367,0.021,0.022,0.673,0.737,3.823,3.314,,normal
ZTF19acynije_20191223_LT_0.ascii,ZTF19acynije,-4.39119422332776,-0.965,43.052,98.975,0.021,0.02,2.284,0.64,3.589,0.981,,86G-like
ZTF19acyogvo_20200101_SEDm_0.ascii,ZTF19acyogvo,3.95818876920561,-1.08,17.246,98.615,0.024,0.02,0.266,2.228,0.994,9.357,,normal
ZTF19adbnfne_20200112_LT_0.ascii,ZTF19adbnfne,-0.177477525016521,-1.01,5.316,42.422,0.02,0.02,0.253,0.362,1.687,2.824,,normal
ZTF19adbnlki_20200103_SEDm_0.ascii,ZTF19adbnlki,-4.48048895709235,-0.954,6.978,25.304,0.02,0.021,0.663,0.085,4.402,0.519,,normal
ZTF20aaactgu_20200116_SEDm_0.ascii,ZTF20aaactgu,-1.35452391064169,,,,,,,,,,5.721,99aa-like
ZTF20aabcouv_20200111_SEDm_0.ascii,ZTF20aabcouv,-0.450693391118022,,,,,,,,,,7.159,99aa-like
ZTF20aabqdbo_20200104_SEDm_0.ascii,ZTF20aabqdbo,-4.78340094622069,-1.051,25.77,157.144,0.024,0.02,1.069,1.916,2.359,10.122,,91bg-like
ZTF20aabrydh_20200117_NTT_0.ascii,ZTF20aabrydh,4.2496816232189,-1.185,4.101,63.77,0.022,0.021,0.354,0.363,4.739,3.466,,normal
ZTF20aacdfep_20200114_SEDm_0.ascii,ZTF20aacdfep,4.45895586377752,-1.047,21.504,116.787,0.029,0.02,2.665,0.951,9.336,4.103,,normal
ZTF20aacexgb_20200116_SEDm_0.ascii,ZTF20aacexgb,1.65587561057979,-1.036,21.437,145.081,0.064,0.064,1.261,1.311,6.937,4.917,,normal
ZTF20aadyukn_20200116_SEDm_0.ascii,ZTF20aadyukn,-2.74465872744857,,,,,,,,,,7.306,SN Ia
ZTF20aaeopvv_20200120_APO_0.ascii,ZTF20aaeopvv,1.8440398311773,-1.125,12.349,91.017,0.02,0.02,0.577,0.149,2.96,0.844,,normal
ZTF20aaeuxqk_20200121_LT_0.ascii,ZTF20aaeuxqk,-2.01183545856601,-1.063,21.736,102.714,0.064,0.063,1.463,0.448,3.107,1.57,,normal
ZTF20aafcjln_20200128_SEDm_0.ascii,ZTF20aafcjln,1.22788311961611,-1.291,4.821,98.464,0.021,0.021,0.291,0.262,3.745,2.97,,normal
ZTF20aafdeza_20200126_SEDm_0.ascii,ZTF20aafdeza,-0.116815339626763,-1.041,33.686,86.179,0.072,0.065,4.499,5.522,8.76,18.704,,SN Ia
ZTF20aafdglk_20200124_SEDm_0.ascii,ZTF20aafdglk,-2.29376995654879,,,,,,,,,,8.567,normal
ZTF20aaffgwg_20200124_SEDm_0.ascii,ZTF20aaffgwg,-1.16380500624489,-1.016,18.06,85.724,0.02,0.02,0.923,0.21,2.266,2.136,,normal
ZTF20aafjjqj_20200125_SEDm_0.ascii,ZTF20aafjjqj,-1.91436306727218,-0.905,12.002,123.864,0.023,0.02,0.715,0.496,4.221,3.955,,normal
ZTF20aaflaug_20200123_SEDm_0.ascii,ZTF20aaflaug,-0.40125275946885,-0.908,45.445,140.409,0.02,0.023,2.856,0.782,5.786,1.278,,91bg-like
ZTF20aafsnpp_20200126_SEDm_0.ascii,ZTF20aafsnpp,-1.9258089821974,-1.08,9.454,88.087,0.023,0.021,0.588,0.181,2.669,3.451,,normal
ZTF20aafvzhu_20200124_SEDm_0.ascii,ZTF20aafvzhu,-3.08940433259616,-1.111,13.475,88.883,0.021,0.021,1.251,0.655,2.929,2.877,,normal
ZTF20aagfjlj_20200123_SEDm_0.ascii,ZTF20aagfjlj,-2.30518862154928,-1.099,21.897,115.468,0.02,0.02,0.551,0.061,2.544,0.276,,normal
ZTF20aaghryk_20181230_NTT_0.ascii,ZTF20aaghryk,1.37625680487725,-0.991,8.087,82.649,0.021,0.021,0.897,0.284,4.312,2.562,,normal
ZTF20aagloch_20200126_SEDm_0.ascii,ZTF20aagloch,-1.32966928688223,-0.96,32.944,151.424,0.02,0.021,1.613,0.574,2.927,3.836,,SN Ia
ZTF20aagvvnr_20200127_SEDm_0.ascii,ZTF20aagvvnr,-1.17211863688046,-1.176,33.398,145.416,0.021,0.021,1.662,1.872,3.34,3.555,,04gs-like
ZTF20aahdwze_20200205_SEDm_0.ascii,ZTF20aahdwze,-1.43265487449942,-1.315,5.889,51.256,0.021,0.022,0.526,0.208,8.374,1.419,,normal
ZTF20aahkgcz_20200213_SEDm_0.ascii,ZTF20aahkgcz,2.55243231038278,-1.1,8.846,99.307,0.021,0.021,0.584,0.422,3.882,2.833,,normal
ZTF20aahmvfw_20200207_LT_0.ascii,ZTF20aahmvfw,0.424861733403125,-1.002,11.044,91.383,0.063,0.063,0.385,0.271,1.861,2.416,,normal
ZTF20aahpxzz_20200208_LT_0.ascii,ZTF20aahpxzz,4.24097928127268,,,,,,,,,,4.023,SN Ia
ZTF20aaiawlj_20200202_NTT_0.ascii,ZTF20aaiawlj,-2.02834932146482,,,,,,,,,,10.117,normal
ZTF20aaifyab_20200130_SEDm_0.ascii,ZTF20aaifyab,3.47795974288743,-1.33,20.891,121.75,0.02,0.025,1.02,0.299,3.513,1.973,,normal
ZTF20aaifyrs_20200129_SEDm_0.ascii,ZTF20aaifyrs,-4.54604598931041,-0.991,15.515,125.072,0.022,0.021,0.816,0.648,4.829,3.42,,normal
ZTF20aalbjpf_20200209_LT_0.ascii,ZTF20aalbjpf,-4.0626695503452,-0.939,13.128,104.603,0.064,0.064,0.997,1.326,4.509,5.74,,normal
ZTF20aamkyyx_20200214_SEDm_0.ascii,ZTF20aamkyyx,-4.76495771499776,-1.195,41.622,118.161,0.02,0.02,0.17,0.406,0.228,0.836,,04gs-like
ZTF20aanvpzo_20200221_NTT_0.ascii,ZTF20aanvpzo,-2.64087833622188,-1.044,35.087,105.831,0.021,0.02,1.492,1.08,3.589,2.658,,04gs-like
ZTF20aapadwx_20200226_NTT_0.ascii,ZTF20aapadwx,-3.87502011558901,-1.053,22.658,92.378,0.021,0.02,1.005,1.014,3.105,3.233,,normal
ZTF20aaqhtcd_20200303_SEDm_0.ascii,ZTF20aaqhtcd,-3.00503564346912,,,,,,,,,,8.065,normal
ZTF20aaqtebg_20200306_SEDm_0.ascii,ZTF20aaqtebg,-2.164705135884,-0.945,12.408,119.911,0.023,0.021,1.211,0.868,4.128,3.439,,normal
ZTF20aasdibr_20200309_SNIFS_0.ascii,ZTF20aasdibr,-3.95100174588935,-1.025,16.301,80.462,0.021,0.02,0.835,1.442,2.826,4.996,,normal
ZTF20aasitqe_20200315_NTT_0.ascii,ZTF20aasitqe,0.840929391224185,-1.18,8.743,65.071,0.064,0.063,1.103,1.315,7.189,8.261,,normal
ZTF20aasiwcu_20200305_SEDm_0.ascii,ZTF20aasiwcu,-3.61203000227468,-0.972,14.396,120.386,0.064,0.065,1.427,1.367,8.985,7.959,,normal
ZTF20aattotq_20200329_SEDm_0.ascii,ZTF20aattotq,-0.18556925173447,-1.017,34.702,116.515,0.02,0.02,0.375,0.759,1.379,1.719,,86G-like
ZTF20aattqbi_20200329_SEDm_0.ascii,ZTF20aattqbi,-4.9182263606596500,,,,,,,,,,6.125,99aa-like
ZTF20aatzwgk_20200411_Other_0.ascii,ZTF20aatzwgk,0.721808652275341,-0.936,35.782,91.313,0.02,0.02,1.817,0.358,3.323,0.7,,91bg-like
ZTF20aauombk_20200415_SEDm_0.ascii,ZTF20aauombk,-2.00866496689147,,,,,,,,,,3.113,99aa-like
ZTF20aauooag_20200416_SEDm_0.ascii,ZTF20aauooag,-0.670027692189977,,,,,,,,,,5.414,SN Ia
ZTF20aaupkac_20200416_SEDm_0.ascii,ZTF20aaupkac,3.41253597237519,-1.222,5.032,65.429,0.02,0.024,0.351,0.203,2.209,4.155,,normal
ZTF20aaurknv_20200417_SEDm_0.ascii,ZTF20aaurknv,-3.29004429564894,,,,,,,,,,9.174,normal
ZTF20aautscv_20200424_SEDm_0.ascii,ZTF20aautscv,1.43092160900715,-1.13,8.113,85.487,0.02,0.026,0.92,1.231,7.409,5.517,,normal
ZTF20aauuiri_20200425_SEDm_0.ascii,ZTF20aauuiri,1.04799300426488,-1.08,8.526,78.579,0.025,0.022,0.976,0.948,3.439,4.155,,normal
ZTF20aauwjmw_20200424_SEDm_0.ascii,ZTF20aauwjmw,-2.0519387833732,-0.913,21.828,91.009,0.021,0.02,1.04,0.312,3.574,0.981,,normal
ZTF20aavhire_20200423_SEDm_0.ascii,ZTF20aavhire,-1.53375641213685,-1.195,3.995,132.489,0.072,0.036,0.585,0.486,13.861,34.496,,normal
ZTF20aavnnkm_20200501_SEDm_0.ascii,ZTF20aavnnkm,-2.23732179104148,,,,,,,,,,7.564,normal
ZTF20aavnnqo_20200503_LT_0.ascii,ZTF20aavnnqo,-1.18873384421444,,,,,,,,,,4.961,SN Ia
ZTF20aavnnzx_20200504_SEDm_0.ascii,ZTF20aavnnzx,-0.56067494266122,-1.002,32.38,102.048,0.02,0.02,0.361,1.95,1.009,5.284,,SN Ia
ZTF20aawcjrx_20200504_SEDm_0.ascii,ZTF20aawcjrx,-3.06622964203552,-1.15,8.523,54.512,0.02,0.022,0.81,0.973,4.757,6.389,,normal
ZTF20aawmlfq_20200504_LT_0.ascii,ZTF20aawmlfq,-4.69872670779837,-0.969,18.031,149.924,0.021,0.022,1.706,0.571,4.54,5.008,,normal
ZTF20aawqywr_20200511_SEDm_0.ascii,ZTF20aawqywr,-0.451591032402372,-1.129,5.262,40.628,0.02,0.02,0.497,0.064,3.349,0.503,,SN Ia
ZTF20aawwcgb_20200511_LT_0.ascii,ZTF20aawwcgb,1.86478374914578,-0.98,36.463,110.533,0.023,0.037,8.374,1.542,25.471,5.994,,SN Ia
ZTF20aaxablt_20200515_SEDm_0.ascii,ZTF20aaxablt,0.961443086621732,,,,,,,,,,11.967,normal
ZTF20aaxagnm_20200516_SEDm_0.ascii,ZTF20aaxagnm,4.59494674910865,-1.18,7.722,95.929,0.021,0.021,0.329,0.421,2.391,3.377,,SN Ia
ZTF20aaxbvkt_20200511_SEDm_0.ascii,ZTF20aaxbvkt,2.49417762305706,,,,,,,,,,12.469,99aa-like
ZTF20aaydgsu_20200510_SEDm_0.ascii,ZTF20aaydgsu,0.580033005563088,-1.046,30.621,125.682,0.025,0.022,1.02,1.084,2.405,2.888,,04gs-like
ZTF20aaymbjk_20200515_SEDm_0.ascii,ZTF20aaymbjk,-0.789657601792246,-1.078,13.1,92.968,0.022,0.022,1.15,0.863,4.38,4.505,,normal
ZTF20aayubpi_20200517_SEDm_0.ascii,ZTF20aayubpi,-2.08141849379885,-1.083,5.417,75.165,0.064,0.063,0.359,0.179,3.219,2.816,,normal
ZTF20aayvubx_20200524_SEDm_0.ascii,ZTF20aayvubx,0.0152183318997745,,,,,,,,,,5.997,normal
ZTF20aaywban_20200514_SEDm_0.ascii,ZTF20aaywban,-2.52552796395905,,,,,,,,,,41.699,91bg-like
ZTF20aazjwgh_20200524_SEDm_0.ascii,ZTF20aazjwgh,-0.748763953297451,,,,,,,,,,13.03,normal
ZTF20aazkxcw_20200524_SEDm_0.ascii,ZTF20aazkxcw,2.96577772499286,-1.016,11.135,84.865,0.02,0.027,2.013,0.492,10.834,4.177,,normal
ZTF20aazoqmh_20200524_SEDm_0.ascii,ZTF20aazoqmh,-2.11820852699587,-0.972,6.19,119.826,0.021,0.023,0.272,0.307,3.401,7.453,,normal
ZTF20abafzxx_20200526_SEDm_0.ascii,ZTF20abafzxx,-2.2331091259834,-1.173,6.302,57.003,0.021,0.02,0.631,0.093,4.117,1.453,,SN Ia
ZTF20abawtpy_20200607_LT_0.ascii,ZTF20abawtpy,3.17852074027897,,,,,,,,,,8.697,SN Ia
ZTF20abbhyxu_20200604_SEDm_0.ascii,ZTF20abbhyxu,-4.23459190214442,-1.068,11.241,90.667,0.021,0.021,0.752,0.616,3.46,3.112,,normal
ZTF20abciflj_20200608_LT_0.ascii,ZTF20abciflj,-4.4852200341178,-1.09,7.547,70.838,0.02,0.02,0.308,0.31,1.663,1.945,,normal
ZTF20abcqpdj_20200614_SEDm_0.ascii,ZTF20abcqpdj,1.7913864932733,,,,,,,,,,6.995,SN Ia
ZTF20abcwuwg_20200613_SEDm_0.ascii,ZTF20abcwuwg,1.45413150286114,,,,,,,,,,15.127,SN Ia
ZTF20abcxnkh_20200608_SEDm_0.ascii,ZTF20abcxnkh,3.38934492127741,,,,,,,,,,11.556,normal
ZTF20abdxffu_20200614_SEDm_0.ascii,ZTF20abdxffu,2.13725734674235,,,,,,,,,,5.562,SN Ia
ZTF20abedyov_20200621_SEDm_0.ascii,ZTF20abedyov,4.02014919252248,-1.033,17.838,85.651,0.02,0.023,0.751,0.436,4.023,1.412,,normal
ZTF20abegate_20200620_LT_0.ascii,ZTF20abegate,-2.77792294601391,-0.849,5.59,142.808,0.02,0.092,0.425,0.677,8.102,9.458,,SN Ia
ZTF20abeldyn_20200615_SEDm_0.ascii,ZTF20abeldyn,-4.42034142195076,-1.044,11.169,91.995,0.063,0.063,0.333,0.188,1.283,1.665,,SN Ia
ZTF20abeywdn_20200628_LT_0.ascii,ZTF20abeywdn,-3.78894521992621,-0.867,4.733,93.296,0.025,0.022,0.605,0.688,11.062,6.188,,normal
ZTF20abgbiet_20200625_SEDm_0.ascii,ZTF20abgbiet,0.0214078666709855,-0.972,26.513,110.372,0.064,0.064,1.947,1.515,8.396,5.367,,normal
ZTF20abgpksj_20200702_SEDm_0.ascii,ZTF20abgpksj,-1.45799209969722,-0.987,24.108,150.527,0.022,0.02,0.376,1.365,1.425,5.297,,normal
ZTF20abgzvff_20200702_SEDm_0.ascii,ZTF20abgzvff,0.730890619032371,-0.91,7.434,75.698,0.064,0.063,1.004,0.343,6.312,1.729,,normal
ZTF20abhvnzc_20200625_SEDm_0.ascii,ZTF20abhvnzc,-3.92845211451081,-0.98,28.981,170.443,0.022,0.025,1.534,1.687,7.926,9.469,,91bg-like
ZTF20abipuee_20200712_LT_0.ascii,ZTF20abipuee,3.68004999628772,-1.179,10.423,91.561,0.063,0.063,0.473,0.308,1.455,1.273,,normal
ZTF20abixkhh_20200707_NOT_0.ascii,ZTF20abixkhh,-2.96465759478742,,,,,,,,,,13.283,normal
ZTF20abjbiqf_20200712_LT_0.ascii,ZTF20abjbiqf,-3.32755788897075,,,,,,,,,,6.956,99aa-like
ZTF20abkcril_20200716_SEDm_0.ascii,ZTF20abkcril,-2.56836155106958,-1.032,11.412,97.807,0.025,0.022,0.651,0.727,3.419,3.597,,normal
ZTF20abkfhzy_20200723_SEDm_0.ascii,ZTF20abkfhzy,-0.0840786613014746,,,,,,,,,,13.753,normal
ZTF20ablnjvp_20200729_SEDm_0.ascii,ZTF20ablnjvp,0.596412668218475,,,,,,,,,,9.727,SN Ia
ZTF20ablxtlp_20200722_SEDm_0.ascii,ZTF20ablxtlp,-4.33298863171941,-1.175,25.894,116.079,0.021,0.02,1.584,0.323,4.859,0.856,,normal
ZTF20abmddts_20200722_Gemini-N_0.ascii,ZTF20abmddts,-2.20283273186537,-0.923,35.656,96.838,0.025,0.022,2.512,1.873,1.926,3.31,,91bg-like
ZTF20abmspyz_20200719_Lick-3m_0.ascii,ZTF20abmspyz,0.470908409160479,-1.167,22.398,121.421,0.022,0.021,1.587,1.071,6.763,4.235,,normal
ZTF20abmxtnh_20200727_SEDm_0.ascii,ZTF20abmxtnh,-0.534497628203695,-1.022,42.235,125.224,0.02,0.02,0.775,1.445,1.919,3.4,,04gs-like
ZTF20abpqenl_20200810_SEDm_0.ascii,ZTF20abpqenl,-0.159177805070888,,,,,,,,,,8.655,normal
ZTF20abpsbyg_20200812_SEDm_0.ascii,ZTF20abpsbyg,1.90709056968388,,,,,,,,,,16.322,normal
ZTF20abptxls_20200812_NOT_0.ascii,ZTF20abptxls,-2.14094896182838,,,,,,,,,,1.7,99aa-like
ZTF20abpuyau_20200815_SEDm_0.ascii,ZTF20abpuyau,-0.017734927944179,,,,,,,,,,11.075,99aa-like
ZTF20abpyxja_20200815_SEDm_0.ascii,ZTF20abpyxja,0.17650327069203,-0.904,12.538,87.898,0.021,0.021,0.486,0.97,2.869,4.584,,normal
ZTF20abqbzuv_20200812_SEDm_0.ascii,ZTF20abqbzuv,-2.16382082833763,-0.99,30.268,116.841,0.02,0.02,0.943,0.282,2.199,0.713,,04gs-like
ZTF20abqfgee_20200814_SEDm_0.ascii,ZTF20abqfgee,-2.54893871589853,-1.023,26.313,116.487,0.064,0.063,1.547,1.166,4.178,2.39,,normal
ZTF20abqmtsh_20200817_LT_0.ascii,ZTF20abqmtsh,-0.558495300253226,,,,,,,,,,6.963,SN Ia
ZTF20abquppg_20200816_LT_0.ascii,ZTF20abquppg,-2.84671865528537,-1.097,27.018,99.103,0.063,0.063,0.681,0.623,1.713,2.017,,normal
ZTF20abvowvw_20200902_SEDm_0.ascii,ZTF20abvowvw,-3.73418466360232,,,,,,,,,,17.241,normal
ZTF20abvxsgk_20200830_SEDm_0.ascii,ZTF20abvxsgk,4.3576305499677,-1.143,24.449,116.395,0.025,0.022,0.424,0.133,1.426,0.458,,normal
ZTF20abvycao_20200829_SEDm_0.ascii,ZTF20abvycao,-0.0706613172801584,-1.133,10.513,83.161,0.022,0.02,0.909,0.275,4.443,1.744,,normal
ZTF20abvykmy_20200829_SEDm_0.ascii,ZTF20abvykmy,-2.0771728243304,,,,,,,,,,6.872,normal
ZTF20abwavab_20200904_SEDm_0.ascii,ZTF20abwavab,-4.71669082367379,,,,,,,,,,8.044,91T-like
ZTF20abwynwj_20200914_SEDm_0.ascii,ZTF20abwynwj,4.73692862620244,,,,,,,,,,9.029,99aa-like
ZTF20abxlham_20200906_SEDm_0.ascii,ZTF20abxlham,-1.918065421739,-1.042,23.506,98.841,0.02,0.03,0.119,2.561,0.431,13.649,,normal
ZTF20abxqtyg_20200914_SEDm_0.ascii,ZTF20abxqtyg,0.984223834515422,-0.906,22.42,103.431,0.02,0.02,0.208,0.075,0.594,0.142,,normal
ZTF20abxwreg_20200907_SEDm_0.ascii,ZTF20abxwreg,-0.968889538894,,,,,,,,,,19.004,SN Ia
ZTF20abxyaqc_20200906_SEDm_0.ascii,ZTF20abxyaqc,-4.72206024037998,-0.849,13.462,124.53,0.032,0.031,1.336,0.797,13.837,11.869,,normal
ZTF20abxyfye_20200914_LT_0.ascii,ZTF20abxyfye,2.77539978101723,,,,,,,,,,11.109,normal
ZTF20abxzrqw_20200915_APO_0.ascii,ZTF20abxzrqw,0.331066864348245,-0.852,18.569,95.774,0.02,0.02,0.527,0.62,2.128,2.505,,normal
ZTF20abygigy_20200914_SEDm_0.ascii,ZTF20abygigy,-0.280876047259925,-0.786,13.706,75.178,0.022,0.02,0.686,0.894,2.661,5.495,,normal
ZTF20abyptpc_20200919_LT_0.ascii,ZTF20abyptpc,-1.93415948730565,-0.914,18.043,121.925,0.021,0.021,0.65,0.687,2.665,3.345,,normal
ZTF20abywpkl_20200916_SEDm_0.ascii,ZTF20abywpkl,-1.0630316708303,,,,,,,,,,8.119,normal
ZTF20abyxcib_20200916_P200_0.ascii,ZTF20abyxcib,-3.33641205357323,-1.094,6.119,88.293,0.024,0.026,0.982,1.114,8.525,9.148,,SN Ia
ZTF20abyzgzj_20200917_SEDm_0.ascii,ZTF20abyzgzj,-3.89252553442207,-1.057,25.706,118.121,0.063,0.064,1.141,1.181,2.812,3.616,,SN Ia
ZTF20abzhwtq_20200916_SEDm_0.ascii,ZTF20abzhwtq,-2.74849891144753,,,,,,,,,,9.909,normal
ZTF20acbakkg_20200928_SEDm_0.ascii,ZTF20acbakkg,1.74219970090373,-0.926,33.435,125.875,0.063,0.063,2.445,1.2,7.834,2.379,,91bg-like
ZTF20accxqqo_20201007_SEDm_0.ascii,ZTF20accxqqo,-0.535760314826025,-1.144,13.302,120.149,0.064,0.065,0.735,0.732,2.631,9.249,,99aa-like
ZTF20acebweq_20200930_SEDm_0.ascii,ZTF20acebweq,-3.44479060206362,,,,,,,,,,7.816,SN Ia
ZTF20acfkkyf_20201010_SEDm_0.ascii,ZTF20acfkkyf,0.78660226770799,-1.092,8.767,107.881,0.065,0.07,1.456,0.855,9.673,13.734,,normal
ZTF20acfnuee_20201009_SEDm_0.ascii,ZTF20acfnuee,1.40040327951196,-1.151,13.243,101.186,0.025,0.022,1.334,0.937,3.255,10.543,,normal
ZTF20acfvsze_20201007_SEDm_0.ascii,ZTF20acfvsze,-3.94765106986366,-1.113,10.181,59.178,0.025,0.022,1.167,0.911,4.007,4.527,,normal
ZTF20acgnrqu_20201013_SEDm_0.ascii,ZTF20acgnrqu,-2.46719594811649,-1.23,3.538,109.952,0.024,0.034,0.332,0.291,5.424,11.694,,SN Ia
ZTF20acgpngg_20201008_SEDm_0.ascii,ZTF20acgpngg,-2.91747227689796,-0.834,16.3,85.616,0.022,0.021,1.668,1.364,4.704,6.162,,normal
ZTF20acgzjje_20201013_SEDm_0.ascii,ZTF20acgzjje,-3.6467104929658300,-1.028,25.982,96.038,0.021,0.02,0.964,1.138,2.996,2.751,,normal
ZTF20achdwmq_20201012_SEDm_0.ascii,ZTF20achdwmq,-4.61285626004896,-1.025,5.66,38.709,0.063,0.063,0.56,0.527,4.317,3.871,,normal
ZTF20achlced_20201021_SEDm_0.ascii,ZTF20achlced,-0.280951133911391,-0.915,6.548,108.917,0.022,0.021,0.472,0.415,4.418,4.06,,normal
ZTF20achvmjr_20201016_SEDm_0.ascii,ZTF20achvmjr,1.37533793920467,-1.029,45.443,134.581,0.021,0.021,5.262,3.525,14.433,8.104,,SN Ia
ZTF20achzugy_20201020_SEDm_0.ascii,ZTF20achzugy,-0.422234468923761,,,,,,,,,,5.397,SN Ia
ZTF20aciievv_20201022_SEDm_0.ascii,ZTF20aciievv,-4.57867810734634,,,,,,,,,,9.905,normal
ZTF20aciigcw_20201016_SEDm_0.ascii,ZTF20aciigcw,-1.73057519577517,-0.896,31.129,74.386,0.02,0.021,2.963,0.622,5.789,0.797,,91bg-like
ZTF20acikuon_20201025_NTT_0.ascii,ZTF20acikuon,-1.12132432386265,-1.049,8.09,66.056,0.02,0.02,0.719,0.935,4.915,7.458,,normal
ZTF20acimjmc_20201015_SEDm_0.ascii,ZTF20acimjmc,-1.93314228873732,-0.987,46.61,148.913,0.02,0.02,4.562,3.965,16.335,13.903,,91bg-like
ZTF20acitojm_20201029_NTT_0.ascii,ZTF20acitojm,0.522593713373961,-1.191,10.489,122.528,0.069,0.069,1.961,1.411,19.957,10.402,,normal
ZTF20aciuakv_20201023_SEDm_0.ascii,ZTF20aciuakv,-3.02646851943881,-0.996,11.174,82.285,0.021,0.02,0.781,0.309,3.42,1.879,,normal
ZTF20acjetyf_20201029_SEDm_0.ascii,ZTF20acjetyf,-2.42155271928751,-1.34,11.294,52.666,0.02,0.02,1.084,0.454,4.255,1.44,,SN Ia
ZTF20aclkuqh_20201030_NTT_0.ascii,ZTF20aclkuqh,-3.92541524536066,-1.152,7.896,110.436,0.062,0.066,2.139,2.374,16.325,16.45,,normal
ZTF20acmddof_20201102_SEDm_0.ascii,ZTF20acmddof,-0.529166885692682,,,,,,,,,,8.45,normal
ZTF20acnznol_20201030_SEDm_0.ascii,ZTF20acnznol,-3.11338499736165,-1.081,57.128,107.7,0.02,0.02,0.627,2.114,0.436,3.574,,91bg-like
ZTF20acordqz_20201112_SEDm_0.ascii,ZTF20acordqz,-2.66988483516871,-0.741,32.942,151.201,0.02,0.02,0.32,0.207,0.771,0.385,,normal
ZTF20acoredl_20201113_SEDm_0.ascii,ZTF20acoredl,0.497089061737921,-0.857,50.987,145.608,0.02,0.022,2.613,2.366,3.251,3.788,,04gs-like
ZTF20acoxtxr_20201114_SEDm_0.ascii,ZTF20acoxtxr,-4.63871104183761,-0.952,16.595,78.08,0.02,0.02,0.682,1.183,2.702,4.121,,normal
ZTF20acoyfpk_20201116_SEDm_0.ascii,ZTF20acoyfpk,-4.89937756526488,-0.964,4.724,103.631,0.024,0.022,0.401,0.344,5.071,3.672,,normal
ZTF20acoyyly_20201118_SEDm_0.ascii,ZTF20acoyyly,2.12380937295845,-1.039,23.221,123.082,0.022,0.03,2.12,0.782,10.257,6.135,,normal
ZTF20acpbbqf_20201110_SEDm_0.ascii,ZTF20acpbbqf,2.12520471216788,-1.033,3.608,49.466,0.021,0.02,0.292,0.143,4.787,2.05,,SN Ia
ZTF20acpgnej_20201121_LT_0.ascii,ZTF20acpgnej,-1.96645068628073,,,,,,,,,,5.892,99aa-like
ZTF20acpjcoe_20201129_Other_0.ascii,ZTF20acpjcoe,2.1973031752096,,,,,,,,,,21.206,normal
ZTF20acpkjsn_20201118_SEDm_0.ascii,ZTF20acpkjsn,-1.04659618729567,-1.13,19.159,98.074,0.025,0.022,1.192,0.724,4.377,2.485,,normal
ZTF20acpmxdg_20201119_SEDm_0.ascii,ZTF20acpmxdg,-2.24391212037171,,,,,,,,,,13.58,normal
ZTF20acqhysq_20201121_NTT_0.ascii,ZTF20acqhysq,-1.40733605904572,-1.044,11.082,105.519,0.064,0.076,0.795,2.307,6.001,20.794,,normal
ZTF20acqksdi_20201202_SEDm_0.ascii,ZTF20acqksdi,3.19828299293141,-1.14,7.609,75.148,0.02,0.021,0.498,0.385,3.182,2.226,,normal
ZTF20acquetr_20201125_LT_0.ascii,ZTF20acquetr,2.47901456055709,-0.905,45.741,134.053,0.021,0.02,2.284,0.397,3.375,0.863,,91bg-like
ZTF20acrdadi_20201126_SEDm_0.ascii,ZTF20acrdadi,-2.56189103868469,,,,,,,,,,25.072,normal
ZTF20acrqeje_20201201_SEDm_0.ascii,ZTF20acrqeje,-1.13127833080134,,,,,,,,,,10.517,normal
ZTF20acrufey_20201201_SEDm_0.ascii,ZTF20acrufey,-1.95214396271599,-0.935,4.704,95.121,0.12,0.12,2.713,2.658,33.075,23.865,,normal
ZTF20acsesce_20201205_SEDm_0.ascii,ZTF20acsesce,2.46239535003614,,,,,,,,,,18.587,normal
ZTF20actfeym_20201204_SEDm_0.ascii,ZTF20actfeym,-0.670217432727754,,,,,,,,,,3.775,SN Ia
ZTF20actfoxr_20201206_SEDm_0.ascii,ZTF20actfoxr,3.17180750756292,-1.142,17.072,52.346,0.063,0.063,1.744,0.87,4.494,3.043,,normal
ZTF20actoakx_20201211_SEDm_0.ascii,ZTF20actoakx,1.00457461733865,,,,,,,,,,3.16,99aa-like
ZTF20actpbck_20201204_SEDm_0.ascii,ZTF20actpbck,-3.86169256522788,,,,,,,,,,26.07,normal
ZTF20actskcf_20201210_SEDm_0.ascii,ZTF20actskcf,1.58736520920249,-0.916,11.068,119.374,0.024,0.021,1.016,1.339,5.024,7.599,,normal
ZTF20acugxbm_20201213_SEDm_0.ascii,ZTF20acugxbm,-2.89341539671411,-0.934,7.052,95.091,0.022,0.027,0.584,0.723,5.725,8.926,,normal
ZTF20acumcrz_20201207_NTT_0.ascii,ZTF20acumcrz,-4.36356044016614,-1.2,3.646,83.029,0.024,0.028,0.406,0.666,5.672,8.774,,SN Ia
ZTF20acurtpj_20201210_SEDm_0.ascii,ZTF20acurtpj,-4.12733401159482,,,,,,,,,,15.611,normal
ZTF20acusneh_20201219_SEDm_0.ascii,ZTF20acusneh,4.10968979772901,,,,,,,,,,19.9,normal
ZTF20acuspji_20201215_SEDm_0.ascii,ZTF20acuspji,3.16013367259251,-1.286,15.813,103.493,0.02,0.023,0.509,0.674,3.063,2.304,,normal
ZTF20acusqsp_20201211_SEDm_0.ascii,ZTF20acusqsp,-3.87176717419521,-0.77,23.623,122.206,0.026,0.024,1.719,2.284,8.631,7.443,,normal
ZTF20acvbrbv_20201211_SEDm_0.ascii,ZTF20acvbrbv,0.964209112785736,-0.976,35.294,142.195,0.024,0.022,2.598,1.863,6.412,3.766,,91bg-like
ZTF20acwfanr_20201219_SEDm_0.ascii,ZTF20acwfanr,-0.556689531604234,,,,,,,,,,25.767,SN Ia
ZTF20acwfcfs_20201218_SEDm_0.ascii,ZTF20acwfcfs,-3.50613324133717,-1.143,5.595,65.391,0.02,0.02,0.264,0.332,3.042,2.695,,normal
ZTF20acwgnxk_20201212_SEDm_0.ascii,ZTF20acwgnxk,-2.85773560873848,-0.951,30.217,97.973,0.064,0.063,1.31,2.14,3.187,8.374,,91bg-like
ZTF20acwmpsj_20201217_NTT_0.ascii,ZTF20acwmpsj,-3.35458357492522,-1.128,17.444,94.067,0.021,0.02,1.251,0.438,4.725,1.599,,normal
ZTF20acwpaov_20201220_SEDm_0.ascii,ZTF20acwpaov,-1.69139578405608,,,,,,,,,,9.012,SN Ia
ZTF20acwqndp_20201221_SEDm_0.ascii,ZTF20acwqndp,0.89399361434245,-1.113,45.809,145.338,0.026,0.025,3.425,3.735,10.851,8.712,,04gs-like
ZTF20acxcxkz_20201224_NTT_0.ascii,ZTF20acxcxkz,2.03513557827851,,,,,,,,,,13.287,normal
ZTF20acxdawc_20201222_NTT_0.ascii,ZTF20acxdawc,1.25366739649009,,,,,,,,,,5.701,SN Ia
ZTF20acxmxth_20201227_SEDm_0.ascii,ZTF20acxmxth,-0.151164901289997,,,,,,,,,,9.16,normal
ZTF20acxncha_20210101_SEDm_0.ascii,ZTF20acxncha,0.393543623873539,-0.98,12.38,82.127,0.025,0.022,0.865,0.544,5.623,2.663,,normal
ZTF20acynlkj_20201226_LCO-FLOYDS_0.ascii,ZTF20acynlkj,-1.3212400791212,-1.012,23.387,116.617,0.022,0.021,1.51,0.757,6.577,3.361,,normal
ZTF20acynllu_20210102_SEDm_0.ascii,ZTF20acynllu,3.96965091807325,-1.112,9.02,46.357,0.064,0.064,0.904,0.555,3.104,5.226,,normal
ZTF20acyrodl_20210105_SEDm_0.ascii,ZTF20acyrodl,4.23773739552427,,,,,,,,,,9.384,SN Ia
ZTF20acywbes_20210102_SEDm_0.ascii,ZTF20acywbes,-2.16086137160105,-0.948,10.44,90.315,0.022,0.021,1.272,0.63,5.763,3.24,,SN Ia
ZTF20acywefl_20210104_LCO-FLOYDS_0.ascii,ZTF20acywefl,2.23369240077187,-0.982,3.278,45.054,0.021,0.02,0.337,0.261,6.335,7.94,,99aa-like
ZTF20acyyavb_20210107_SEDm_0.ascii,ZTF20acyyavb,3.83616408909437,-0.997,7.194,82.108,0.028,0.023,1.009,1.109,4.101,14.648,,normal
ZTF20adadffg_20210103_SEDm_0.ascii,ZTF20adadffg,-4.58212986524564,,,,,,,,,,28.246,normal
ZTF20adadsgm_20210102_SEDm_0.ascii,ZTF20adadsgm,-2.64303309734755,-0.949,21.198,101.103,0.022,0.02,2.234,0.798,4.297,2.367,,normal
ZTF20adadshh_20210105_SNIFS_0.ascii,ZTF20adadshh,-1.88853196602751,-0.997,12.262,90.684,0.028,0.024,1.745,0.899,11.482,4.804,,normal